Date,Open,High,Low,Close,Volume,Symbol,SMA_5,SMA_10,SMA_20,SMA_50,SMA_200,EMA_12,EMA_26,EMA_50,WMA_20,RSI_14,RSI_7,STOCH_K,STOCH_D,WILLIAMS_R,ROC_10,ROC_20,MFI_14,MACD,MACD_SIGNAL,MACD_HISTOGRAM,ADX_14,ADX_POS,ADX_NEG,PSAR,TRIX,MASS_INDEX,CCI_20,DPO_20,BB_HIGH,BB_LOW,BB_MID,BB_WIDTH,BB_PERCENT,ATR_14,ATR_20,KELTNER_HIGH,KELTNER_LOW,KELTNER_MID,DONCHIAN_HIGH,DONCHIAN_LOW,DONCHIAN_MID,OBV,CMF_20,AD_LINE,VOLUME_SMA_20,VOLUME_RATIO,PVT,NVI,HIGH_LOW_RATIO,CLOSE_OPEN_RATIO,DAILY_RETURN,VOLATILITY_10,VOLATILITY_30,PRICE_POSITION,GAP,GAP_PERCENT,RESISTANCE_20,SUPPORT_20,TREND_STRENGTH,VOLUME_TREND,RSI_OVERSOLD,RSI_OVERBOUGHT,MACD_BULLISH,MACD_BEARISH,MA_BULLISH,MA_BEARISH,BB_SQUEEZE,BB_BREAKOUT_UP,BB_BREAKOUT_DOWN,VOLUME_SPIKE,BULLISH_SCORE,BEARISH_SCORE,NET_SIGNAL
2025-02-10,187.35,188.2,185.86,186.47,23105649,GOOGL,,,,,,186.47,186.47,186.47,,,,,,,,,,,,,0.0,0.0,0.0,186.47,,,,,,,,,,0.0,0.0,189.1833333333333,184.50333333333336,,,,,23105649,,-11059114.051282214,,,,1000.0,1.0125901215969006,0.9953029089938618,,,,0.26068376068375715,,,,,,,0,0,0,0,0,0,0,0,0,0,0,0,0
2025-02-11,185.03,186.94,184.28,185.32,21239519,GOOGL,,,,,,185.84708333333333,185.87288461538463,185.8835,,,,,,,,,,,,,0.0,0.0,0.0,185.32,,,,,,,,,,0.0,0.0,188.6783333333333,183.67833333333334,,,,,1866130,,-15690287.367071792,,,-130988.61398616477,993.8327881160508,1.014434556110267,1.0015673134086365,-0.006167211883949197,,,0.3909774436090201,-1.4399999999999977,-0.772242183729285,,,,,0,0,0,0,0,0,0,0,0,0,0,0,0
2025-02-12,183.22,185.11,181.83,183.61,22072559,GOOGL,,,,,,184.9739491916859,185.05985214391328,185.095155312625,,,,,,,,,,,,,0.0,0.0,0.0,188.2,,,,,,,,,,0.0,0.0,188.0511111111111,182.53111111111113,,,,,-20206429,,-13806044.525608372,,,-334658.35222272517,993.8327881160508,1.018038827476214,1.0021285885820326,-0.009227282538311954,,,0.5426829268292684,-2.0999999999999943,-1.133175048564642,,,,,0,0,0,0,0,0,0,0,0,0,0,0,0
2025-02-13,184.32,186.28,183.14,186.14,21402523,GOOGL,,,,,,185.34202586206897,185.36181428246792,185.37224386245504,,,,,,,,,,,,,0.0,0.0,0.0,188.0726,,,,,,,,,,0.0,0.0,188.12,182.41,,,,,1196094,,5687973.238722645,,,-39748.580478270655,1007.5270147591181,1.0171453532816426,1.0098741319444444,0.013779205925603,,,0.955414012738849,0.7099999999999795,0.38668917814932713,,,,,0,0,0,0,0,0,0,0,0,0,0,0,0
2025-02-14,185.055,186.4,184.32,185.23,20448437,GOOGL,185.35399999999998,,,,,185.31158883572266,185.3312460066826,185.34147461258274,,,,,,,,,,,,,0.0,0.0,0.0,187.947748,,,,,,,,,,0.0,0.0,187.97533333333334,182.57533333333333,,,,,-19252343,,3131918.61372247,,,-139716.7639423295,1002.6014233578567,1.0112847222222223,1.000945664802356,-0.004888793381325862,,,0.4374999999999957,-1.0849999999999795,-0.5828945954657675,,,,,0,0,0,0,0,0,0,0,0,0,0,0,0
2025-02-18,185.6,185.96,181.7401,183.77,29916675,GOOGL,184.814,,,,,184.93690164595475,185.0185408835955,185.05268721657194,,,,,,,,,,,,,0.0,0.0,0.0,187.82539304,,,,,,,,,,0.0,0.0,187.98665555555556,182.0800222222222,,,,,-49169018,,1996901.2750414582,,,-375522.7645901684,1002.6014233578567,1.0232194215805979,0.9901400862068966,-0.007882092533606722,,,0.48103035616957746,0.37000000000000455,0.1997516600982587,,,,,0,0,0,0,0,0,0,0,0,0,0,0,0
2025-02-19,184.07,185.46,183.59,185.27,19549396,GOOGL,184.804,,,,,185.01123137823774,185.06326158391855,185.0875787724152,,,47.8213549108856,,,,,,,,,,0.0,0.0,0.0,187.58198131839998,,,,,,,,,,0.0,0.0,187.7947523809524,182.1976380952381,,,,,-29619622,,17573692.74028216,,,-215953.22658070206,1010.7850340398873,1.0101857399640504,1.006519258977563,0.008162376884148559,,,0.8983957219251352,0.29999999999998295,0.163247537682964,,,,,0,0,0,0,0,0,0,0,0,0,0,0,0
2025-02-20,184.8,185.31,182.72,184.56,20441462,GOOGL,184.994,,,,,184.9170663444766,184.9821736727698,185.01203760050385,,,42.392558380699676,,,,,,,,,,0.0,0.0,0.0,187.348306065664,,,,,,,,,,0.0,0.0,187.66874166666668,182.12376666666665,,,,,-50061084,,26176470.18429762,,,-294289.91368600895,1010.7850340398873,1.0141746935201401,0.9987012987012986,-0.00383224483186706,,,0.7104247104247108,-0.46999999999999886,-0.2536838128137307,,,,,0,0,0,0,0,0,0,0,0,0,0,0,0
2025-02-21,185.15,185.34,179.08,179.66,35199239,GOOGL,183.698,,,,,183.8770315069129,184.1933106971218,184.31787900744342,,,22.148184690905552,,,,,,,,,,0.0,0.0,0.0,187.12397782303742,,,,,,,,,,0.0,0.0,187.66332592592593,181.34334814814815,,,,,-85260323,,-2500226.125606701,,,-1228816.7401922955,1010.7850340398873,1.034956444047353,0.970348366189576,-0.026549631556133546,,,0.092651757188496,0.5900000000000034,0.3196792371044665,,,,,0,0,0,0,0,0,0,0,0,0,0,0,0
2025-02-24,181.99,183.12,178.885,179.25,29854206,GOOGL,182.502,183.928,,,,183.00021083462278,183.51118193261917,183.7151162454561,,,21.161679407782117,,,,,,,,,,0.0,0.0,0.0,186.64133915365517,,,,,,,,,,0.0,0.0,187.36232666666666,180.82734666666664,,,,,-115114529,,-27208370.642725833,,,-1296946.6770730696,1008.4783332497484,1.02367442770495,0.9849442277048189,-0.0022820883891795374,,,0.08618654073199715,2.3300000000000125,1.296894133363026,,,,,0,0,0,0,0,0,0,0,0,0,0,0,0
2025-02-25,178.04,178.74,174.6939,175.42,41913411,GOOGL,180.83200000000002,182.823,,,,181.6132150236795,182.46175307266836,182.80135943611077,,,14.246202889137777,,,,-5.925886201533765,,,,,,0.0,0.0,0.0,186.02083202136276,,,,,,,,,,0.0,0.0,186.72309090909093,180.04654545454545,,,,,-157027940,,-54078491.69581452,,,-2192502.4044370917,1008.4783332497484,1.0231610834722906,0.9852842057964503,-0.021366806136680738,0.011944091554440086,,0.17945676083141168,-1.210000000000008,-0.6750348675034912,,,,,0,0,0,0,0,0,0,0,0,0,0,0,0
2025-02-26,175.07,176.08,171.5807,172.73,35431268,GOOGL,178.324,181.56400000000002,,,,180.03380855481674,181.26605387018458,181.76542807875379,,,11.237157471636124,,,,-6.79365421972804,,,,,,0.0,0.0,0.0,184.8881388192265,,,,,,,,,,0.0,0.0,185.99307222222225,179.1230222222222,,,,,-192459208,,-71408652.27359357,,,-2735827.6291549113,993.0136957144513,1.0262226462533375,0.9866339178614268,-0.015334625470299845,0.012302611675667567,,0.2554397350698956,-0.3499999999999943,-0.1995211492418164,,,,,0,0,0,0,0,0,0,0,0,0,0,0,0
2025-02-27,173.99,174.56,167.94,168.5,39991015,GOOGL,175.112,180.053,,,,178.0311012262763,179.77051296195103,180.48260110904104,,,8.098889792733885,,,,-8.229399270192262,,,,,,0.0,0.0,0.0,183.29124616091931,,,,,,,,,,0.0,0.0,185.2977076923077,177.93766153846155,,,,,-232450223,,-104633815.79323101,,,-3715171.0752847083,993.0136957144513,1.0394188400619269,0.9684464624403701,-0.024489087014415545,0.013505421608218512,,0.08459214501510602,1.2600000000000193,0.7294621663868578,,,,,0,0,0,0,0,0,0,0,0,0,0,0,0
2025-02-28,168.68,170.61,166.77,170.28,48130565,GOOGL,173.23600000000002,178.467,,,,176.71133616621432,178.704615411945,179.54960050257705,,19.551150701423396,19.17989933247098,16.37890807279512,,-83.62109192720487,-8.520468464596533,,16.49943201697056,,,,0.0,0.0,0.0,181.14207169839062,,,,,,,,,,3.7428785714285704,0.0,184.42358571428574,177.0406857142857,,,,,-184319658,,-64775691.652606316,,,-3206729.498430111,993.0136957144513,1.0230257240510883,1.0094854161726345,0.01056379821958453,0.012943477841128889,,0.9140624999999968,0.18000000000000682,0.10682492581602779,,,,,1,0,0,0,0,0,0,0,0,0,1,0,1
2025-03-03,171.925,173.37,165.93,167.01,40770451,GOOGL,170.788,176.645,,,,175.0861962772941,177.4395444890012,178.4598091385585,,16.603824533072867,15.241204010685536,5.1404093288909305,,-94.85959067110907,-9.836419586460076,,15.000938924848768,,,,0.0,0.0,0.0,178.8425402266481,,,,,,,,,,4.006958673469387,0.0,183.87601333333336,175.99330666666665,,,,,-225090109,,-93709560.10421939,,,-3989671.5630883216,973.9441938059109,1.044838184776713,0.9714119528864329,-0.019203664552501776,0.013251994890650784,,0.14516129032257855,1.6450000000000102,0.9660559079163791,,,,,1,0,0,0,0,0,0,0,0,0,1,0,1
2025-03-04,166.24,173.2946,165.8,170.92,45387996,GOOGL,169.88799999999998,175.35999999999999,,,,174.39769949386798,176.75754657867213,177.83436825897485,,30.16095712933756,34.11530917137192,24.854368932038724,15.457895444574925,-75.14563106796128,-6.992436197420701,,23.98997140078778,,,,0.0,6.176472554935093,35.945392709275325,176.51828298585144,,,,,,,,,,4.256075911078716,0.0,183.47747916666668,175.15061666666668,,,,,-179702113,,-77083161.86836979,,,-2927058.160537581,973.9441938059109,1.0452026537997587,1.028152069297401,0.023411771750194488,0.017023924390285758,,0.6831585408160519,-0.7699999999999818,-0.4610502365127728,,,,,0,0,0,0,0,0,0,0,0,0,0,0,0
2025-03-05,170.52,173.78,169.06,173.02,30954922,GOOGL,169.946,174.135,,,,174.17259264865726,176.3781529614316,177.45174223893602,,36.16328178825797,42.18262873562679,35.04854368932039,21.681107316750015,-64.9514563106796,-6.611971716953635,,30.199075163663764,,,,0.0,6.492951315907836,33.17578613832375,174.37462638868115,,,,,,,,,,4.289213346001665,0.0,183.07723529411766,174.68489411764705,,,,,-148747191,,-56096774.07175951,,,-2546732.0652883383,985.9105102521573,1.027919081982728,1.0146610368285245,0.012286449801076627,0.01747841108183383,,0.8389830508474595,-0.39999999999997726,-0.23402761525858723,,,,,0,0,0,0,0,0,0,0,0,0,0,0,0
2025-03-06,170.53,174.81,170.5,172.35,28301953,GOOGL,170.716,172.91400000000002,,,,173.8776094923835,175.98017855068156,177.06196925206137,,35.12601545346655,40.34387059660623,31.796116504854297,30.56634304207114,-68.2038834951457,-6.615734720416129,,30.98490130216524,,,,0.0,7.71883309949765,30.83911942520891,165.8,,,,,,,,,,4.290698107001546,0.0,182.73201851851852,174.32702962962964,,,,,-177049144,,-60102386.9093466,,,-2656328.114935782,982.092685481212,1.0252785923753667,1.0106726089251157,-0.0038723846954110686,0.017477689110129577,,0.4292343387470982,-2.490000000000009,-1.439139983816905,,,,,0,0,0,0,0,0,0,0,0,0,0,0,0
2025-03-07,171.26,174.97,170.27,173.86,27385813,GOOGL,171.432,172.334,,,,173.87478205451282,175.77576265964157,176.82610916649264,,39.348343226709154,46.47824459900826,39.98015873015875,35.60827297477781,-60.01984126984126,-3.228320160302785,,31.777240668289636,,,,0.0,7.129150135627264,28.857003662445123,165.98020000000002,,,,,,,,,,4.319933956501435,0.0,182.46892982456143,174.01157192982456,,,,,-149663331,,-45652000.47530391,,,-2416394.389203259,990.6970368306559,1.027603218417807,1.015181595235315,0.008761241659414054,0.016561087558274797,,0.7638297872340452,-1.0900000000000034,-0.6324340005802166,,,,,0,0,0,0,0,0,0,0,0,0,0,0,0
2025-03-10,168.26,168.46,163.69,165.87,43377356,GOOGL,171.204,170.996,177.462,,,172.5980837303502,174.8415739494912,176.04594476190803,174.02442857142856,28.702937261342356,28.430668755010345,10.01378043178689,27.263351888933315,-89.98621956821312,-7.464435146443512,,31.136455957837626,,,,0.0,6.051794934965385,34.27360223472406,174.97,,,-119.8208960917421,2.1980000000000075,191.4564283198707,163.46757168012928,177.462,15.77174642444096,0.08583517186120104,4.737795816751334,4.561744999999999,181.88431666666668,173.37282666666667,177.6285716666667,188.2,163.69,175.945,-193040687,-0.07902460282124431,-49380452.458532386,31243720.75,1.3883543623721577,-4409866.576250311,990.6970368306559,1.0291404484085773,0.9857957922263165,-0.045956516737605035,0.021367430575478377,,0.4570230607966462,-5.600000000000023,-3.2209823996319007,188.2,163.69,-6.5321026473273065,1.1228370743903797,1,0,0,0,0,1,0,0,0,0,1,1,0
2025-03-11,164.91,166.75,161.37,164.04,39587414,GOOGL,169.828,169.858,176.34050000000002,,,171.2408011860456,173.8431059546797,175.21752664064186,172.74614285714287,26.907391924384115,25.758071026896133,11.138923654568158,20.377620938837932,-88.86107634543183,-6.487287652491163,-12.02874457017215,25.9686410170751,,,,0.0,5.572078717226756,34.97505436933647,174.97,,,-126.18058874166512,2.90949999999998,190.85305246329878,161.82794753670126,176.34050000000002,16.459692995425055,0.07621169566459311,4.783667544126239,4.602657749999999,180.89681666666667,172.08132666666666,176.4890716666667,186.94,161.37,174.155,-232628101,-0.060209396630221464,-49674782.67414592,32067809.0,1.2344907629953765,-4846624.08285187,979.7669374914136,1.0333395302720456,0.9947243951246134,-0.011032736480376282,0.020867383951856094,,0.496282527881039,-0.960000000000008,-0.5787665038885922,186.94,161.37,-6.975425384412557,1.0578050904569127,1,0,0,0,0,1,0,0,0,0,1,1,0
2025-03-12,166.58,167.6399,163.53,167.11,28372396,GOOGL,168.64600000000002,169.296,175.43,,,170.58876779017928,173.23193900725212,174.67428245960267,171.86704761904758,34.32927047820975,37.29483280548582,23.94659991656241,15.033101334305819,-76.0534000834376,-3.2536328373762387,-9.82624649255341,31.032048397279027,,,,0.0,6.5565372067562135,32.833861344845054,174.426,,,-96.34754167976277,-0.010000000000019327,189.8595627099368,161.00043729006322,175.43,16.450507564198585,0.2117029750918751,4.735541290974366,4.5780198625,179.99831,171.03783,175.51807000000002,186.4,161.37,173.885,-204255705,-0.019936113734060398,-28618638.96271737,32424452.85,0.8750308334038703,-4315636.1791698355,998.1032243610714,1.0251323916101023,1.0031816544603194,0.018714947573762686,0.022009898887605215,,0.8710674225650268,2.5400000000000205,1.5484028285784082,186.4,161.37,-4.742632388987056,1.0302405580916378,0,0,0,0,0,1,0,0,0,0,0,1,-1
2025-03-13,166.035,166.13,162.11,162.76,31756214,GOOGL,166.728,168.72199999999998,174.3875,,,169.35794649054628,172.29700653105365,173.8975516605239,170.66038095238096,29.72374236012874,29.67251982376311,6.390804597701087,13.825442722943883,-93.60919540229891,-3.4065281899109845,-11.355590654103818,31.455069661589846,,,,0.0,6.069695518367324,32.50463442594915,173.90375999999998,,,-111.10823478388225,-1.6574999999999989,189.30689526254324,159.46810473745674,174.3875,17.110624629108447,0.11032267744819081,4.754431198761911,4.599118869374999,179.04281,170.00833,174.52557,186.4,161.37,173.885,-236011919,-0.05515176387212231,-50105430.52490674,32908635.6,0.9649811795904416,-5142274.506618826,998.1032243610714,1.0247979766824995,0.9802752431716204,-0.02603075818323275,0.022181239499941347,,0.1616915422885523,-1.075000000000017,-0.6432888516546089,186.4,161.37,-6.667622392660023,1.0360757284024258,1,0,0,0,0,1,0,0,0,0,1,1,0
2025-03-14,163.27,166.49,162.45,165.49,31995894,GOOGL,165.054,168.243,173.355,,,168.75188003983507,171.6983809709226,173.363314227471,169.81300000000002,35.5660903437076,38.82671367255136,23.719055843408196,18.0188201192239,-76.2809441565918,-2.8130138595254826,-11.093800365316417,37.56332011532534,,,,0.0,6.2421280812314945,30.531923544393784,173.40240959999997,,,-94.08105643413408,-4.85499999999999,187.72625533834807,158.9837446616519,173.355,16.58014517994644,0.22636350079268605,4.703400398850348,4.5711629259062505,178.06897666666666,168.94449666666668,173.50673666666665,186.4,161.37,173.885,-204016025,-0.05926894658139804,-33949088.01005517,33438304.15,0.9568635375906167,-4605602.163168341,998.1032243610714,1.0248691905201601,1.013597109083114,0.016773162939297315,0.02269150686296491,,0.7524752475247537,0.5100000000000193,0.31334480216270544,186.4,161.37,-4.536932883389565,1.0472377619066546,0,0,0,0,0,1,0,0,0,0,0,1,-1
2025-03-17,165.03,166.3,163.67,164.29,31184335,GOOGL,164.738,167.971,172.308,,,168.05473266553076,171.05578089304495,172.8004649001297,168.94966666666667,34.21943961574486,36.39715246657548,19.850441876274548,16.653434105794613,-80.14955812372546,-1.6286449913178846,-11.304864222858066,38.56205624647132,,,,0.0,5.987378243605003,29.2858737254634,172.92111321599998,,,-89.4133358904571,-2.0279999999999916,186.10582098738774,158.51017901261224,172.308,16.01529933304055,0.2094468754403664,4.555300370361039,4.474104779610939,177.06831000000003,167.88883,172.47857,185.96,161.37,173.66500000000002,-235200360,-0.07882605605464678,-50430542.62982706,33975099.05,0.9178585455808995,-4831725.808101574,990.8657848225295,1.016068919166616,0.9955159667939162,-0.007251193425584779,0.02202564434081263,,0.23574144486691975,-0.46000000000000796,-0.2779624146474155,185.96,161.37,-4.6532952619727475,0.9589155443536522,0,0,0,0,0,1,0,0,0,0,0,1,-1
2025-03-18,163.675,164.25,156.72,160.67,42074751,GOOGL,164.064,166.946,171.153,,,166.90366504855376,170.16618945889,172.06475708867976,167.84128571428568,30.471253320581297,29.828172077866668,21.643835616438295,21.737777778707013,-78.3561643835617,-5.9969576410016385,-12.570060401588954,38.28667746352346,-5.21261864066571,,,0.0,5.315005949378647,36.30720051027291,172.45906868735997,,,-127.72618769472312,-4.143000000000001,184.7859338001766,157.5200661998234,171.153,15.930698030623597,0.11552663008367992,4.770636058192393,4.628899540630392,176.06998,166.55948999999998,171.31473499999998,185.46,156.72,171.09,-277275111,-0.07281037173011706,-48363124.58600249,34583002.85,1.216630932325184,-5758809.614906614,990.8657848225295,1.0480474732006126,0.981640446005804,-0.022034207803274697,0.020997333852408356,,0.5245683930942879,-0.6149999999999807,-0.37433806074622966,185.46,156.72,-6.124929156953138,0.956444359197686,0,0,0,0,0,1,0,0,0,0,0,1,-1
2025-03-19,161.76,165.87,161.0,163.89,34275582,GOOGL,163.42,166.03300000000002,170.084,,,166.4348706277814,169.6347583686553,171.57936520945407,167.14957142857145,37.07380393112471,40.89769849993452,39.28767123287665,26.927316241863164,-60.71232876712336,-5.276846607328646,-11.539914719058682,45.50525816479279,-5.087183907411202,,,0.0,7.2968986456162845,33.52236284175774,171.5147245661184,,,-86.66673966074843,0.8359999999999843,182.41194127176135,157.75605872823866,170.084,14.496297443335465,0.2487820608706123,4.801304911178652,4.657454563598873,175.16064666666668,165.35015666666666,170.25540166666667,185.34,156.72,171.03,-242999529,-0.08427703735199131,-41958447.045961656,35319312.15,0.9704487407464985,-5071890.003031341,1010.7238032897513,1.0302484472049689,1.01316765578635,0.02004107798593391,0.02187125737408768,,0.5934291581108796,1.0900000000000034,0.6784091616356529,185.34,156.72,-3.6417299687213474,0.9699326831312598,0,0,0,0,0,1,0,0,0,0,0,1,-1
2025-03-20,161.57,164.89,160.96,162.8,28138464,GOOGL,163.428,165.078,168.996,,,165.87040908039012,169.0621011410473,171.0683757405352,166.45585714285716,35.833323995817736,38.49922120437895,33.315068493150754,31.41552511415523,-66.68493150684924,-5.541050188569761,-11.790203727784997,47.51834793730206,-5.017886792668662,,,67.26124896969377,6.868133253631922,31.612397075977032,170.62704109215127,,,-89.97438927376461,4.024000000000001,179.76370987722075,158.22829012277927,168.996,12.743153538806526,0.21228793909521398,4.739068846094461,4.621081835418928,174.16198,164.21749,169.18973499999998,185.34,156.72,171.03,-271137993,-0.09792261104825849,-43748425.67191566,35704162.25,0.7881003845707093,-5259033.366018707,1004.0016790260024,1.024416003976143,1.0076127994058304,-0.006650802367441422,0.02187032485903958,,0.46819338422392204,-2.319999999999993,-1.4155836231618728,185.34,156.72,-3.666358967076142,0.9392127720347226,0,0,0,0,0,1,0,0,0,0,0,1,-1
2025-03-21,161.205,164.24,160.8901,163.99,36625764,GOOGL,163.128,164.091,168.2125,,,165.5788202763257,168.64121755418353,170.66406668195307,165.97909523809525,38.262057661602455,42.773851077974314,39.83561643835622,37.47945205479454,-60.16438356164379,-5.676981479351205,-8.722030502059438,55.56363069201666,-4.811481511401212,,,67.05740533236862,6.516630691330253,30.101304819810494,169.7926186266222,,,-80.58539870143485,4.137499999999989,177.99799513310373,158.42700486689628,168.2125,11.634682479725017,0.28424699299499206,4.639842499944858,4.557522743647983,173.10047666666668,163.44699666666668,168.27373666666665,183.12,156.72,169.92000000000002,-234512229,-0.014100619019550974,-12589356.797143247,35775488.5,1.0237669850406095,-4991314.329409369,1004.0016790260024,1.0208210449244548,1.017276139077572,0.007309582309582341,0.021769981044402805,,0.9253709065942272,-1.5949999999999989,-0.9797297297297289,183.12,156.72,-2.5102177305491544,0.9632231632560379,0,0,0,0,0,1,0,0,0,0,0,1,-1
2025-03-24,167.065,168.32,165.14,167.68,30879129,GOOGL,163.80599999999998,164.272,167.634,,,165.90424605979766,168.56215969467897,170.49661793726588,165.928380952381,45.18985804504955,54.271965588477435,60.05479452054799,44.40182648401832,-39.945205479452014,1.0912160125399422,-6.45467224546722,54.08815888571354,-4.300577299452044,,,65.04883881733147,12.34961638284395,28.099468240636167,169.00826150902486,,,-10.016794299396508,6.2260000000000275,176.00709357406188,159.2609064259381,167.634,9.989731885013658,0.5027468939402827,4.617710892805938,4.546146606465583,172.37914333333336,162.83116333333334,167.60515333333333,178.74,156.72,167.73000000000002,-203633100,0.046151021332593946,5860437.259460818,35826734.65,0.8619018535087177,-4296491.5596673135,1026.5930943294109,1.0192563885188326,1.0036812019273935,0.02250137203488012,0.018133416304464398,,0.7987421383647846,3.0749999999999886,1.8751143362400076,178.74,156.72,0.02744073397999254,0.9601415907994284,0,0,0,0,1,0,0,0,0,0,1,0,1
2025-03-25,168.98,170.63,168.315,170.56,24174373,GOOGL,165.784,164.924,167.39100000000002,,,166.62457528277798,168.72514514232446,170.50011547248104,166.2070476190476,49.91387505009213,61.344241828797976,75.83561643835618,58.575342465753465,-24.164383561643817,3.974640331626439,-2.770493672329259,53.35112242859137,-3.621543204056536,,,62.32722582719189,15.418093702903121,26.79218344466328,156.72,,,50.607212559747616,-1.521000000000015,175.10205933059765,159.67994066940238,167.39100000000002,9.213230496977298,0.7054840887700947,4.498588686176942,4.466339276142303,171.97010666666665,162.59523666666664,167.28267166666666,176.08,156.72,166.4,-179458727,0.11827685567416032,28572861.136350807,34939782.75,0.6918867576530653,-3881282.8631024305,1044.2254184686562,1.0137539732050025,1.0093502189608239,0.01717557251908386,0.01820706399691687,0.017514803893966882,0.9697624190064824,1.299999999999983,0.7752862595419745,176.08,156.72,1.8931722733002265,0.882050773483988,0,0,0,0,1,0,0,0,0,0,1,0,1
2025-03-26,169.0,169.61,164.84,165.06,28939326,GOOGL,166.01799999999997,164.719,167.0075,,,166.38271810549708,168.42836743557382,170.2046378270093,165.98504761904763,42.398422917013825,45.62325133400904,45.69863013698632,60.52968036529683,-54.30136986301368,-1.226736879899474,-4.440456203323098,46.95032430688637,-3.4870117252816613,,,60.440115920782944,14.05289288128114,29.799145697579643,156.9982,,,-9.478271678566678,-2.967500000000001,174.3734945017626,159.6415054982374,167.0075,8.821154141894946,0.3678046800378431,4.5858323514500166,4.529022312335188,171.63563,162.23369,166.93466,174.97,156.72,165.845,-208398053,0.1064729853005181,2302990.7841495275,34615185.65,0.8360297787396094,-4814481.11005365,1044.2254184686562,1.0289371511768988,0.9766863905325444,-0.03224671669793622,0.020619983188944493,0.018315612537319843,0.04612159329140428,-1.5600000000000023,-0.9146341463414648,174.97,156.72,-1.166115294223308,0.8594901526983433,0,0,0,0,0,1,0,0,0,0,0,1,-1
2025-03-27,164.63,165.42,162.0,162.24,24508273,GOOGL,165.906,164.66699999999997,166.6945,,,165.74279486068482,167.93071020068552,169.77847635439704,165.531,39.14402669773467,39.5589101312261,39.683680805176216,53.73930912683958,-60.316319194823784,-0.31948881789136263,-3.715133531157264,41.09558599834892,-3.566828809144255,,,59.13390235592647,13.294899060533771,32.67093502576038,157.270836,,,-75.18415192227685,0.41550000000000864,174.30806020531767,159.08093979468234,166.6945,9.134746743675008,0.20746274542567064,4.502558612060729,4.473571196718428,171.11996333333335,162.03802333333334,166.57899333333333,174.97,156.72,165.845,-232906326,0.12687002157238975,-18765524.601815242,33841048.55,0.7242173056130083,-5233197.515360811,1026.3851441436736,1.021111111111111,0.9854825973394886,-0.017084696474009453,0.01958334765597912,0.018453214163268367,0.07017543859649414,-0.4300000000000068,-0.2605113292136234,174.97,156.72,-2.6722537336264818,0.8576972122218713,0,0,0,0,0,1,0,0,0,0,0,1,-1
2025-03-28,160.49,161.82,153.63,154.33,48669335,GOOGL,163.974,163.551,165.897,,,163.98096518910208,166.843860949571,168.96352585945522,164.35342857142857,31.776264163670234,27.56752525572935,4.117647058823629,29.833319333662057,-95.88235294117636,-6.743609885793702,-9.366925064599476,40.86658299519132,-4.219713090698804,-4.250433327028707,0.030720236329903727,58.897032549897894,11.59871991455292,40.90523074588723,170.63,,,-192.93298147084394,-3.1370000000000005,175.0308537321328,156.76314626786717,165.897,11.011475472290421,-0.13319384890669808,4.795947282627821,4.680392636882507,170.70612999999997,161.18919,165.94765999999998,174.97,153.63,164.3,-281575661,0.008356529260034268,-59115315.1573706,33867987.05,1.4370306368709918,-7606067.583469786,1026.3851441436736,1.053309900410076,0.9616175462645647,-0.048754930966469434,0.02380162173434763,0.019859752559739367,0.08547008547008758,-1.75,-1.0786489151873766,174.97,153.63,-6.972398536441274,0.928135680269194,0,0,1,0,0,1,0,0,1,0,1,2,-1
2025-03-31,153.11,155.54,150.662,154.64,54603464,GOOGL,161.366,162.58599999999998,165.2785,,,162.53973009365143,165.8742951072397,168.21801177542423,163.28133333333335,32.313963006263705,28.5577013651597,19.92187499999991,21.241067621333254,-80.07812500000009,-5.873759814961352,-7.406742111250826,39.86596529289861,-4.658414871509933,-4.332029635924953,-0.3263852355849801,58.93820866870959,10.761064791125943,42.34524498983491,170.29,,,-212.47267886943197,0.2115000000000009,175.62226000301615,154.93473999698386,165.2785,12.516764132075428,-0.014247236831574544,4.801808191011546,4.690273005038381,169.82022999999998,160.55949,165.18986,174.97,150.662,162.816,-226972197,0.09989808030026248,-24660730.862167835,34559637.7,1.579977905844771,-7496386.550358924,1026.3851441436736,1.0323771090255007,1.0099928156227547,0.002008682692930641,0.023957388603968864,0.01991333047797292,0.8154981549815481,-1.2199999999999989,-0.7905138339920941,174.97,150.662,-6.436711368992349,1.0468557139995713,0,0,0,1,0,1,0,0,1,1,0,3,-3
2025-04-01,153.62,158.1,153.62,157.07,30672899,GOOGL,158.668,162.226,164.586,,,161.6961711430643,165.1785546476064,167.645129098741,162.49957142857144,36.536348894738076,36.49671716613862,32.091346153846104,18.710289404223214,-67.9086538461539,-2.240617414576458,-8.10320617832904,39.92856541705611,-4.755193590133899,-4.4166624267667425,-0.33853116336715683,58.16343761836975,13.853211692781278,39.52220363123018,169.50487999999999,,,-146.24330191140692,-0.2960000000000207,175.17777681033718,153.99422318966285,164.586,12.870811381693661,0.14519645123825242,4.778821891653578,4.679759354786461,168.98242333333332,160.0231433333333,164.50278333333335,174.97,150.662,162.816,-196299298,0.10198603465420111,-8091888.098775027,33823882.85,0.906841450936494,-7014395.18609353,1042.51367427992,1.0291628694180444,1.022458013279521,0.015713916192447108,0.024084146635407293,0.020290871010741014,0.7700892857142849,-1.0199999999999818,-0.6595964821520836,174.97,150.662,-4.566609553668003,1.1080531341185151,0,0,0,1,0,1,0,0,0,0,0,2,-2
2025-04-02,155.15,158.4052,154.7,157.04,25041730,GOOGL,157.064,161.541,163.787,,,160.97835241629843,164.53858993368036,167.10669885764088,161.7809047619048,36.506071145012896,36.438395186186995,31.941105769230717,27.98477564102558,-68.05889423076928,-4.1796326804564,-9.235926482487583,45.75059117588092,-4.779220294581364,-4.489174000329667,-0.29004629425169703,57.34795615145323,13.538424140594216,37.30696346409017,168.7511648,,,-125.64160798101123,-3.1170000000000186,174.12112231396534,153.45287768603467,163.787,12.618977469476011,0.1735571829413009,4.702134613678324,4.631031387047139,168.16977,159.31197,163.74087,174.97,150.662,162.816,-221341028,0.08141366020725127,-1503666.5711922888,33528223.25,0.7468850888184181,-7019178.097534288,1042.314556623917,1.0239508726567552,1.0121817595874958,-0.00019099764436236732,0.02284488172601571,0.020160656897855865,0.6315448558782228,-1.9199999999999875,-1.222384923919264,174.97,150.662,-4.119374553536003,1.0945745596584813,0,0,0,1,0,1,0,0,0,0,0,2,-2
2025-04-03,151.11,152.7799,150.39,150.72,46883371,GOOGL,154.76,160.333,162.7055,,,159.39737741282565,163.4569150341218,166.28423763035,160.5364285714286,30.728779777905928,26.1628287923334,1.6304347826087566,21.887628901895194,-98.36956521739124,-7.420147420147427,-12.550043516100956,37.918162330636385,-5.247740130891117,-4.640887226441958,-0.6068529044491591,57.05227292531816,12.215085893837143,39.99549694834759,168.027598208,,,-184.88677715783675,1.1844999999999857,173.73273079471886,151.67826920528114,162.7055,13.554834710220442,-0.0434501291901895,4.841267855558444,4.731979817694783,167.01093,158.34514,162.678035,174.97,150.39,162.68,-268224399,0.03578743486061051,-35439623.512026206,34457294.15,1.3606225374490122,-8905977.03232797,1042.314556623917,1.0158913491588537,0.997419098669843,-0.04024452368823228,0.0255806154778511,0.021141654791193846,0.13808109125905307,-5.929999999999978,-3.7761079979622894,174.97,150.39,-7.366376674420964,1.1949330559956346,0,0,0,1,0,1,0,0,1,0,0,3,-3
2025-04-04,148.01,151.07,145.38,145.6,62259539,GOOGL,153.01399999999998,158.494,161.2925,,,157.27155584824297,162.06498289695628,165.25734976456133,158.90733333333333,27.00080131828618,20.65709261528562,0.8712871287128667,11.480942560184113,-99.12871287128714,-11.214098420635413,-16.25445760957093,36.0515933352752,-5.963443818815961,-4.905398544916759,-1.0580452738992019,57.21843912947002,11.2057856802825,43.96604798642317,166.96934231552,,,-197.6142934747284,1.5075000000000216,173.42710320735688,149.1578967926431,161.2925,15.046704846607115,-0.1466012827879715,4.901891580161412,4.779880826810044,165.77626333333333,157.0114733333333,161.39386833333333,170.63,145.38,158.005,-330483938,-0.06523679131272743,-92884716.61395943,36200980.45,1.719830187637915,-11020950.756319478,1042.314556623917,1.0391388086394278,0.9837173163975407,-0.03397027600849256,0.02626798240094736,0.021425697210211984,0.03866432337434077,-2.710000000000008,-1.7980360934182642,170.63,145.38,-9.729218655548149,1.2124588907370324,1,0,0,1,0,1,0,0,1,1,1,3,-2
2025-04-07,141.55,152.85,140.53,146.75,76794136,GOOGL,151.436,156.401,160.3365,,,155.6508240675801,160.8758005459216,164.34802000056015,157.52233333333334,29.081923554257443,24.803780734785647,20.664451827242527,7.722057912854717,-79.33554817275747,-12.482108778625959,-11.527099535781035,34.17138436413278,-6.364482960992831,-5.197215428131973,-1.1672675328608575,57.72341224434564,9.39557078698607,43.22308564704731,165.2421949302784,,,-167.93749225552668,3.653500000000008,173.81607755272753,146.85692244727247,160.3365,16.814109766307155,-0.0039660904377092935,5.431756467292739,5.156886785469541,165.18892999999997,155.66914,160.42903500000003,170.63,140.53,155.57999999999998,-253689802,-0.056448660171591225,-92136721.78279057,37871819.45,2.0277382263449715,-10414403.665660132,1042.314556623917,1.087668113570056,1.0367361356411162,0.007898351648351731,0.024514552545404366,0.021579101941485438,0.50487012987013,-4.049999999999983,-2.781593406593395,170.63,140.53,-8.473741163116323,1.276155613907269,1,0,0,1,0,1,0,0,1,1,1,3,-2
2025-04-08,151.22,152.24,143.03,144.7,52200208,GOOGL,148.962,153.815,159.3695,,,153.9642937003652,159.62425048958943,163.39212551005534,156.03314285714285,27.57287816560097,22.372118836201935,13.853820598006605,11.796519851320667,-86.14617940199341,-15.161819887429651,-11.78980736405755,27.049089236935757,-6.769690460293845,-5.511710434564348,-1.2579800257294966,58.19231585101584,8.3142721323855,38.2487136352294,162.77097543725057,,25.630589894107604,-140.37941998133618,8.310500000000019,174.33998760060928,144.3990123993907,159.3695,18.787142584508693,0.010052698637452515,5.701631005343258,5.359542446196064,164.51059666666666,154.60780666666668,159.55920166666664,170.63,140.53,155.57999999999998,-305890010,-0.09834667731604162,-125406561.1921284,38502459.15,1.355762960403011,-11143605.889850937,1027.7541147767004,1.0643920855764526,0.9568840100515804,-0.013969335604770095,0.022120728012420723,0.02144424265814319,0.18132464712269122,4.469999999999999,3.0459965928449737,170.63,140.53,-9.20470980959343,1.3670762325839647,1,0,0,1,0,1,0,0,0,0,1,2,-1
2025-04-09,144.415,159.55,143.905,158.71,70406232,GOOGL,149.296,153.18,158.9495,,,154.6950579774625,159.55374582764512,163.16646490228237,155.97033333333334,47.588687894977,56.42939718617814,60.39867109634555,31.638981173864895,-39.60132890365445,-3.8470859081546074,-5.026629166417333,36.70175570247193,-5.892406416039165,-5.587849630859312,-0.3045567851798534,56.58098242077098,14.994470877716854,31.596551827912155,160.5468778935255,,25.921337832753327,-53.261224474422654,11.610500000000002,173.49301467149522,144.40598532850478,158.9495,18.299541264986953,0.49176608937351973,6.4118716478187405,5.873815323886261,164.48543666666666,153.42913666666666,158.95728666666668,170.63,140.53,155.57999999999998,-235483778,-0.04179633139341499,-62560729.94380628,40604150.95,1.7339663643428553,-4326803.4688419355,1027.7541147767004,1.1087175567214482,1.0989855624415747,0.09682100898410528,0.04112908260546076,0.02843025479312957,0.9463087248322146,-0.2849999999999966,-0.1969592259847938,170.63,140.53,-0.15067678728149034,1.5197632694250438,0,0,0,1,0,1,0,0,0,1,0,2,-2
2025-04-10,156.54,157.72,149.93,152.82,48021972,GOOGL,149.71599999999998,152.238,158.4525,,,154.40636836384212,159.0360321482369,162.67224308106105,155.38657142857144,42.29646798576592,46.43679887728518,40.83056478405313,38.3610188261351,-59.16943521594686,-5.806213017751489,-6.107151634308183,29.961615396962756,-5.607783231326351,-5.59183635095272,-0.015946880373631345,55.08474423554361,13.568289670855203,28.591283500267107,159.55,,26.14471800438999,-53.54079664977719,6.607500000000016,173.12001359297125,143.78498640702873,158.4525,18.513451782674633,0.3079940419247638,6.581023672974545,6.019124557691948,164.16510333333332,152.73180333333332,158.44845333333333,170.63,140.53,155.57999999999998,-283505750,-0.0299947057407749,-74951508.3417525,41417438.85,1.1594626160714425,-6108981.1204076875,989.6123988417576,1.0519575802040952,0.9762361057876581,-0.03711171318757489,0.0423509599827685,0.02885810911202694,0.37098844672657116,-2.170000000000016,-1.3672736437527666,170.63,140.53,-3.5546930468121323,1.4954188168011262,0,0,0,1,0,1,0,0,0,0,0,2,-2
2025-04-11,152.9,157.67,152.82,157.14,33636239,GOOGL,152.024,152.51899999999998,158.03500000000003,,,154.82719739595186,158.89066702277808,162.41022389701018,155.26157142857141,46.9558151126319,53.48504224357145,55.18272425249166,52.13732004429678,-44.81727574750835,1.8207736668178407,-5.045622091969316,30.023325303425537,-4.976266112462156,-5.468722303254608,0.49245619079245184,53.69538020640391,12.841686112042508,27.060174654106444,140.53,-0.40349979633468147,26.242890985337272,-23.851374261027747,4.204999999999984,172.3485593057771,143.72144069422296,158.03500000000003,18.114416813714758,0.46873593838959365,6.457379124904934,5.96066832980735,163.75893666666667,152.24463666666665,158.00178666666665,170.63,140.53,155.57999999999998,-249869511,-0.017732288740315794,-48666694.77268036,41499456.1,0.8105224058587119,-5158133.37482465,1017.587307642938,1.0317366836801465,1.0277305428384564,0.028268551236749095,0.040509533559808894,0.029319321623939805,0.8907216494845357,0.0800000000000125,0.05234916895695099,170.63,140.53,-0.566330243300559,1.3545179306578912,0,0,1,0,0,1,0,0,0,0,1,1,0
2025-04-14,159.995,161.72,157.56,159.07,30332957,GOOGL,154.488,152.962,157.774,,,155.48029123131073,158.90438056316077,162.25330192282132,155.36014285714285,48.939470516357886,56.470548038047546,63.75515818431906,53.25614907362128,-36.244841815680935,2.8647180548370454,-3.177308418041268,30.550457015298065,-4.270818043694362,-5.229141451342559,0.958323407648197,51.36190530705209,16.74553885332995,25.66258023779281,140.8728,-0.3967967981891616,26.245123946933603,20.223273016900144,-3.4439999999999884,171.80948132412982,143.73851867587018,157.774,17.79188120239053,0.5461687052289367,6.323280615983154,5.891634913316984,163.57027,151.90297,157.73662000000002,170.63,140.53,155.57999999999998,-219536554,-0.007898023049166276,-56979091.64287278,41456887.2,0.731674736061708,-4785582.738385803,1030.0853571767987,1.0264026402640263,0.9942185693302915,0.012282041491663565,0.0406251618508454,0.029255500867768992,0.36298076923076733,2.855000000000018,1.816851215476657,170.63,140.53,0.8214281187014288,1.131766632010905,0,0,1,0,1,0,0,0,0,0,2,0,2
2025-04-15,159.125,159.65,155.21,156.31,27551534,GOOGL,156.81,152.88600000000002,157.55599999999998,,,155.60799746708196,158.70646317693047,161.97623975537346,155.2207142857143,46.27441742099807,51.008376314869366,63.398955403776654,60.77894594686245,-36.601044596223346,-0.48386069905137263,-2.713636646542594,30.705943751464133,-3.8896172143897445,-4.961236603951996,1.071619389562252,49.550784244059756,15.888808661245104,27.057521706587913,141.706688,-0.3857026179571227,26.173311525808174,-6.119133437793796,-2.915999999999997,171.54013157832821,143.57186842167175,157.55599999999998,17.75131582209276,0.45544950385296157,6.188760571984356,5.819053167651134,163.24127000000001,151.88297,157.56212,170.63,140.53,155.57999999999998,-247088088,-0.0276398705395041,-70878964.65188186,40730726.35,0.6764311975006063,-5263625.322405416,1012.2124987760445,1.0286064042265317,0.9823095051060488,-0.017350851826239966,0.040869944344078764,0.0290179435354252,0.2477477477477466,0.05500000000000682,0.03457597284214926,170.63,140.53,-0.7908299271370058,1.0309118094084762,0,0,1,0,0,1,0,0,0,0,1,1,0
2025-04-16,153.1,155.89,151.51,153.33,28187421,GOOGL,155.73399999999998,152.51500000000001,157.02800000000002,,,155.25739988274464,158.29721480389878,161.57613477367283,154.81823809523806,43.51882115570766,45.468410429969325,60.12212306247072,62.42541221685548,-39.87787693752928,-2.36245542536932,-6.4433461468057684,30.60175418885889,-3.78435027160819,-4.725859337483236,0.9415090658750458,48.37950677090662,14.995602295857763,29.8697761890568,142.50722048,-0.37491365387607073,26.096050892072036,-44.21377135113922,0.04199999999997317,170.81163899701374,143.2443610029863,157.02800000000002,17.555644849343714,0.3658554536722417,6.089563388271189,5.768100509268578,162.71626999999998,151.40697,157.06162,170.63,140.53,155.57999999999998,-275275509,-0.04165946512668908,-75641222.9943473,40426318.3,0.6972542191654392,-5801009.460208499,1012.2124987760445,1.0289089829054188,1.0015022860875247,-0.019064679163201315,0.04132547802377822,0.029028871193318883,0.4155251141552565,-3.210000000000008,-2.0536114132173298,170.63,140.53,-2.354994013806459,0.8298065718242763,0,0,1,0,0,1,0,0,0,0,1,1,0
2025-04-17,154.29,154.68,148.5,151.16,33046576,GOOGL,155.402,152.55900000000003,156.446,,,154.62682303241496,157.75504906209093,161.09750665068074,154.25938095238095,41.577227660687086,41.62748380369093,50.165172251061804,57.89541690576973,-49.834827748938196,0.2919320594479815,-7.149877149877158,31.451275792210012,-3.8318550854219495,-4.547058487070979,0.7152034016490294,47.66440125509884,13.911277453371554,31.231778501870018,143.2757316608,-0.36667923596482765,26.065544313140695,-65.85596417144694,0.5939999999999941,170.18853601050392,142.70346398949607,156.446,17.568408282095966,0.3076774186380259,6.096023146251818,5.788695483805149,162.2569366666667,150.7226366666667,156.48978666666667,170.63,140.53,155.57999999999998,-308322085,-0.04486103400940259,-80239937.4538943,40671723.9,0.8125196778295399,-6268700.518188022,1012.2124987760445,1.0416161616161617,0.9797135264761164,-0.014152481575686493,0.03939620097769091,0.029092579974197764,0.430420711974109,0.9599999999999795,0.6261005674036259,170.63,140.53,-3.3788016312337814,0.7511593429163694,0,0,1,0,0,1,0,0,0,0,1,1,0
2025-04-21,148.88,148.945,146.1,147.67,26049115,GOOGL,153.50799999999998,152.766,155.63000000000002,,,153.5562442777878,156.99040089338615,160.4846317321831,153.42357142857142,38.59486095214166,35.932118951716475,33.69513921661155,47.994144843381356,-66.30486078338845,1.421703296703292,-9.951826330873846,33.04428296584807,-4.1038106508268015,-4.458408919822143,0.35459826899534175,47.27676928985785,13.07746967765907,32.20270983269407,144.013502394368,-0.36403269811998945,25.979085175424157,-105.64558747054149,-4.910000000000025,169.42184976716314,141.8381502328369,155.63000000000002,17.723896121780005,0.21142377076380553,6.0220214929481175,5.752260709614892,161.45827333333335,149.97446333333332,155.71636833333335,170.63,140.53,155.57999999999998,-334371200,-0.08089792205040448,-77538886.86514223,40142891.45,0.6489097835029021,-6870125.573427506,988.8424166066319,1.019472963723477,0.9918726491133798,-0.02308811854988102,0.03846323120085018,0.029193262699454818,0.5518453427065004,-2.280000000000001,-1.50833553850225,170.63,140.53,-5.114695110197285,0.7232543434536278,0,0,1,0,0,1,0,0,0,0,1,1,0
2025-04-22,148.89,152.19,148.54,151.47,26971774,GOOGL,151.988,153.238,154.8195,165.767,,153.23520793274443,156.57257372003122,160.07580249808026,153.02738095238098,43.35894790957204,45.4183371888193,51.628126474752236,45.1628126474752,-48.371873525247764,3.2163543441226565,-9.667223282442752,32.49685762865862,-3.96698027442514,-4.360123190742742,0.39314291631760234,46.06581639118013,16.278365002975555,30.447140288732,144.7217622985933,-0.3600614888963575,25.926343845011342,-58.60401574059115,-9.21950000000001,167.54774021614918,142.09125978385083,154.8195,16.442683532951825,0.3684225021244386,5.914734243451824,5.690647674134148,160.66610666666665,149.13529666666668,154.90070166666666,170.63,140.53,155.57999999999998,-307399426,-0.08394571549141762,-61208031.92267644,39947523.7,0.6751801238683538,-6176059.471985101,988.8424166066319,1.0245725057223645,1.0173282288938144,0.02573305342994514,0.039171333952742575,0.02865620174724928,0.8027397260273978,1.2199999999999989,0.826166452224554,170.63,140.53,-2.1634871576254966,0.7099635064488364,0,0,1,0,0,1,0,0,0,0,1,1,0
2025-04-23,155.61,157.525,153.81,155.35,31128833,GOOGL,151.796,154.30299999999997,154.059,165.1446,,153.56062547525107,156.4801888529303,159.86278621148065,153.0779047619048,47.811250419379085,53.60198723823494,69.93865030674844,51.75397199937074,-30.061349693251557,7.36005528680028,-8.917682926829274,33.18618914214022,-3.5050535661398214,-4.189109265822158,0.6840556996823368,43.73912353151728,21.51576935806087,28.227140655963773,145.40169180664955,-0.3500125447228165,25.72617686158839,23.16724888922986,-7.3089999999999975,164.55653666342715,143.56146333657284,154.059,13.627943402757586,0.5614906163889749,5.924753226062409,5.7088652904274415,160.02244000000002,148.35163000000003,154.187035,169.61,140.53,155.07,-276270593,-0.11800610592432169,-66528841.87018669,40295246.7,0.7725187348213951,-5378674.6958578145,988.8424166066319,1.0241531759963591,0.998329156223893,0.025615633458770715,0.03917213710927308,0.02906402744873466,0.41453566621803245,4.140000000000015,2.73321449792039,169.61,140.53,0.8379906399496275,0.7215924006242651,0,0,1,0,1,0,1,0,0,0,2,0,2
2025-04-24,156.15,159.59,155.79,159.28,45893951,GOOGL,152.986,154.36,153.77,164.62380000000002,,154.44067779868135,156.69144391165574,159.8366700586813,153.57514285714285,51.93268774375827,60.58536329961595,88.48513449740445,70.01730375963504,-11.514865502595555,0.3591456114926552,-3.501756936871441,41.18640236902655,-2.7896972725699243,-3.9092268671717116,1.1195295946017874,41.16449865363688,22.932733422057172,26.755968608788113,146.05442413438357,-0.33084001140152663,25.53125349685797,84.02772562021852,-9.070000000000022,163.3152375559751,144.22476244402492,153.77,12.414954225109048,0.7886256087231094,5.804413709915095,5.635422025906069,159.55977333333334,147.98596333333333,153.77286833333332,165.42,140.53,152.975,-230376642,-0.03697574117948849,-28122851.29650251,41142977.95,1.1154747003431238,-4217662.610695278,988.8424166066319,1.0243918094871303,1.0200448286903618,0.02529771483746379,0.025120373508175812,0.02924549738619517,0.9184210526315786,0.8000000000000114,0.5149662053427817,165.42,140.53,3.583273720491637,0.7927974936486093,0,0,1,0,1,0,1,0,0,0,2,0,2
2025-04-25,165.07,166.1,161.04,161.96,56033995,GOOGL,155.14600000000002,155.27399999999997,153.756,164.19080000000002,,155.5976618490916,157.08842644499776,159.9312923573715,154.35514285714285,54.56759000544035,64.80032590160152,83.80915134923744,80.74431205113011,-16.190848650762565,5.980892553330726,-0.17258382642998096,51.351246025685185,-1.9836523443021576,-3.524111962597801,1.5404596182956434,38.811537014381884,28.937964156835992,24.54041772105943,146.68104716900822,-0.30238442023293943,25.416608572543996,175.6156667612335,4.954000000000008,163.252200082138,144.259799917862,153.756,12.352298553731872,0.9319622548513609,5.876955587778302,5.694650924610766,159.63244,147.89463,153.763535,166.1,140.53,153.315,-174342647,-0.052687381809973795,-63780848.114683986,42719264.05,1.311679783022854,-3274850.5401277198,988.8424166066319,1.0314207650273224,0.9811595080874781,0.016825715720743428,0.021666269101311066,0.02903631268292763,0.18181818181818488,5.789999999999992,3.63510798593671,166.1,140.53,5.335726735867223,0.8711651389041194,0,0,1,0,1,0,1,0,0,0,2,0,2
2025-04-28,162.425,163.15,158.6,160.61,29745782,GOOGL,157.73399999999998,155.621,154.07,163.6802,,156.36888400129916,157.35343692050154,159.9613768407307,155.00790476190477,52.99176948714122,60.96865188430258,76.20286085825757,82.83238223496647,-23.797139141742445,2.208221967672157,4.06920235858226,55.336503118911786,-1.4372222455817507,-3.106734019194591,1.6695117736128404,36.19143428478856,27.313005734993528,26.173686348718356,147.84618433886774,-0.26988151870076343,25.363643517997165,121.8222201759977,-1.25,164.0255512152767,144.1144487847233,154.07,12.923413013924451,0.8284599646257885,5.7821730457941385,5.637418378380228,159.66010666666668,148.28629666666666,153.97320166666668,166.1,140.53,153.315,-204088429,-0.009731656128268857,-67245741.40259589,41773086.4,0.7120800631097252,-3522793.277223297,980.6000279772238,1.028688524590164,0.9888256118208404,-0.008335391454680097,0.020556585348297372,0.028904793688619947,0.4417582417582449,0.4650000000000034,0.2871079278834301,166.1,140.53,4.244823781398079,0.9085961864670837,0,0,1,0,1,0,1,0,0,0,2,0,2
2025-04-29,160.325,160.74,157.52,160.16,26808958,GOOGL,159.472,155.73000000000002,154.346,163.17880000000002,,156.95219226661976,157.56439161811664,159.9701362721728,155.58790476190475,52.44806257249736,59.598180721456664,73.23721558909665,77.74974259886388,-26.762784410903354,0.6852329163261479,3.569580962234875,57.66979856875693,-1.0286263306802539,-2.6911124814917238,1.6624861508114699,33.64483771545789,26.19208845108326,26.47601287051141,148.9414132785357,-0.23602604364593993,25.316754587012756,87.2769068381641,2.7939999999999827,164.64944291972338,144.04255708027662,154.346,13.351098077985021,0.7821387008836889,5.599160685380271,5.516547459461217,159.87017333333333,148.66216333333335,154.26616833333335,166.1,140.53,153.315,-230897387,-0.031490615612863745,-50094668.89327933,40383361.1,0.6638614832879772,-3597907.1001483994,977.8525651007543,1.0204418486541391,0.9989708404802745,-0.0028018180686135707,0.020300778923079757,0.02888089581036067,0.8198757763975116,-0.285000000000025,-0.17744847767886496,166.1,140.53,3.766861467093409,0.9390576407469956,0,0,1,0,1,0,1,0,0,0,2,0,2
2025-04-30,157.975,159.27,155.4,158.8,34981059,GOOGL,160.162,155.97899999999998,154.43249999999998,162.67940000000002,,157.23649497993108,157.65716466268154,159.918783241313,156.01209523809524,50.75321339472742,55.22150161516231,63.50000000000009,70.98002548245144,-36.499999999999915,1.5929882924956875,1.1014197491564386,47.280634010305924,-0.8052691172311484,-2.3139438086396087,1.5086746914084603,31.65209618458005,24.58579777172695,27.58369485889633,149.97092848182356,-0.20388901817415855,25.32900222606845,57.19246637184148,4.637500000000017,164.85433261235744,144.0106673876425,154.43249999999998,13.496942175199475,0.709536084604802,5.539220636424537,5.478720086488155,159.9176733333333,148.77066333333335,154.34416833333333,166.1,140.53,153.315,-265878446,-0.019111925646826577,-23610301.226612635,40598769.1,0.8616285610491575,-3894949.0596888545,977.8525651007543,1.0249034749034749,1.005222345307802,-0.00849150849150837,0.019598531215352103,0.028636729484943533,0.8785529715762278,-2.1850000000000023,-1.3642607392607409,166.1,140.53,2.828096417528717,0.9530522687693996,0,0,1,0,1,0,1,0,0,0,2,0,2
2025-05-01,160.45,161.95,158.91,161.3,30203248,GOOGL,160.566,156.776,154.6455,162.2,,157.86169537370492,157.93040360983227,159.97911802349248,156.66614285714286,53.71419181278416,61.3142181312296,76.00000000000009,70.91240519636561,-23.999999999999915,5.197939085632295,2.7126846663270627,55.63783640471804,-0.42166709396209967,-1.935488465704107,1.5138213717420073,29.48332866526869,27.119019817700813,26.428603052677964,150.93867277291415,-0.17080585125351583,25.259087946554654,96.74099875031845,1.6645000000000039,165.43928612906507,143.85171387093493,154.6455,13.959392454439437,0.8082560614241302,5.368562019537069,5.362284082163747,160.08466,149.00417,154.54441500000001,166.1,140.53,153.315,-235675198,-0.0058977256895373,-6322915.858191166,40856845.0,0.7392457249207568,-3419457.120142255,993.2469694631717,1.0191303253413881,1.0052976004985978,0.015743073047858935,0.018553387591693386,0.02854360549547427,0.7861842105263227,1.6499999999999773,1.039042821158676,166.1,140.53,4.303067337879223,0.8702240322276475,0,0,1,0,1,0,1,0,0,0,2,0,2
2025-05-02,163.405,164.97,161.87,164.03,25715005,GOOGL,160.98000000000002,158.063,155.311,161.7894,,158.81072411124896,158.38749084224688,160.1552831645336,157.55990476190476,56.77081375463178,67.02948601603936,89.65000000000003,76.3833333333334,-10.349999999999966,8.51415718444033,8.830944798301488,54.99342256918189,0.101458902547364,-1.5280989920538128,1.6295578946011768,27.99624000970016,29.87303554506458,25.109316464385508,151.8483524065393,-0.13479554474349228,25.18877685039956,125.77197907164955,-1.9809999999999945,166.68052575967872,143.9414742403213,155.311,14.640979402204232,0.8834372771695266,5.247236160998705,5.277669878055559,160.7365,149.585,155.16075,166.1,140.53,153.315,-209960193,0.0492944189622583,3797182.8837443274,39798426.7,0.6461311949298739,-2984231.059075922,1010.0576590269314,1.019151170692531,1.003824852360699,0.01692498450092983,0.01751913170575286,0.02868248353601493,0.6967741935483873,2.1049999999999898,1.3050216986980718,166.1,140.53,5.613897277076314,0.7410044276951279,0,0,1,0,1,0,1,0,0,0,2,0,2
2025-05-05,163.0,165.39,162.72,164.21,21341814,GOOGL,161.7,159.717,156.24150000000003,161.4804,,159.64142548701952,158.8234375911606,160.33086491923018,158.40742857142857,56.972573160971976,67.39996192113023,90.55000000000007,85.40000000000005,-9.449999999999932,11.200650098191929,12.781593406593416,54.13498205747314,0.5245182000685134,-1.1175755536293477,1.642093753697861,26.687564214925604,29.340724700565545,24.16423787958129,152.70345126214696,-0.09786080125905154,24.923047687020343,121.99715372993072,-5.081500000000034,167.3221376621564,145.16086233784367,156.24150000000003,14.183987816497359,0.8595686567396184,5.06314786378451,5.14728638415278,161.42333333333335,150.57383333333334,155.99858333333333,166.1,140.53,153.315,-188618379,0.13132862958704275,6275071.400598517,37752540.45,0.5653080228671075,-2960811.4009645986,1011.1660561410256,1.0164085545722714,1.0074233128834356,0.0010973602389807713,0.014017458748859447,0.02865509872429697,0.5580524344569349,-1.0300000000000011,-0.627933914527831,166.1,140.53,5.100117446389068,0.7366396133481925,0,0,1,0,1,0,1,0,0,0,2,0,2
2025-05-06,162.17,164.8,161.19,163.23,21277210,GOOGL,162.31400000000002,160.893,157.06550000000001,161.16,,160.193538363579,159.15310537239506,160.45589536749839,159.073,55.45504742192338,62.90988769624272,85.64999999999998,88.61666666666669,-14.350000000000023,7.763913646266582,11.229982964224865,54.8067446802623,0.7718208610885711,-0.7396962706857639,1.511517131774335,25.146433283808857,27.816276571386666,25.11078734299202,153.50724418641815,-0.06290399591421837,24.702145026380407,98.41476450860459,-9.395500000000027,167.63974886221231,146.4912511377877,157.06550000000001,13.464763251270712,0.7914864251979722,4.959351587799903,5.0704220649451415,161.80599999999998,151.8275,156.81675,166.1,143.03,154.565,-209895589,0.14464196619648395,9045234.475390576,34976694.15,0.6083253582728887,-3087793.1060982714,1005.1314496309578,1.0223959302686272,1.0065363507430474,-0.0059679678460509145,0.01383873531154596,0.02836910676306212,0.565096952908583,-2.0400000000000205,-1.2423116740758908,166.1,143.03,3.9247957062499244,0.7634703006944983,0,0,1,0,1,0,1,0,0,0,2,0,2
2025-05-07,164.08,165.0,147.84,151.38,127747554,GOOGL,160.82999999999998,160.496,157.3995,160.6792,,158.83755849104008,158.57200603710152,160.06600585709418,158.53152380952383,41.17375125505548,32.43121128690626,26.400000000000006,67.53333333333335,-73.6,-2.5555197940135175,4.616447823082244,44.797217575838765,0.011481682559121964,-0.5894606800367868,0.6009423625959087,25.09538607377892,21.97226137298498,36.17985375357108,166.1,-0.045281543412846084,25.015719920646035,-43.40966587199185,-5.92949999999999,166.74039819021692,148.05860180978306,157.3995,11.86903159186266,0.17778794515154667,5.830826474385624,5.674900961697884,162.6076666666667,151.83416666666668,157.22091666666668,166.1,143.905,155.0025,-337643143,0.07665167496495992,-65995286.75537876,38754061.45,3.2963655735752564,-12361875.78023905,1005.1314496309578,1.1160714285714286,0.9225987323256947,-0.07259694909024073,0.02761682396430799,0.031047112130886984,0.20629370629370586,0.8500000000000227,0.5207376095080701,166.1,143.905,-3.8243450582752767,1.167799309457925,0,0,1,0,0,1,1,0,0,1,1,1,0
2025-05-08,155.0,155.93,152.9,154.28,57498692,GOOGL,159.426,159.996,157.178,160.31019999999998,,158.13637337774625,158.25136480971324,159.81837294558548,158.23442857142857,44.91264236210158,40.641967001459456,40.900000000000034,50.98333333333334,-59.099999999999966,-3.139126067302863,-2.791254489320148,42.83554342272814,-0.35301746509284726,-0.5421720370479989,0.18915457195515162,25.047985093036836,20.728710859564885,34.132204904552985,165.7348,-0.03639357014783418,25.18104694235598,-50.36750710123247,-1.828000000000003,166.59388572572956,147.76211427427043,157.178,11.981175133580484,0.34611113152738204,5.739338869072365,5.61865591361299,161.99266666666668,152.48066666666665,157.23666666666665,166.1,146.1,156.1,-280144451,-0.01122867760573513,-71118932.57716113,38108684.45,1.5088081058122171,-11260368.270660508,1024.3868413863402,1.0198168737737083,0.9953548387096774,0.019157088122605304,0.02699805865217261,0.03082392961711793,0.4554455445544538,3.6200000000000045,2.391333069097638,166.1,146.1,-1.843769484278968,1.3308267060895616,0,0,1,0,0,1,1,0,0,1,1,1,0
2025-05-09,154.17,155.05,152.2,152.75,32435281,GOOGL,157.17,159.075,157.17450000000002,159.99519999999998,,157.30767828129692,157.84063628753123,159.51693654519192,157.81271428571426,43.34729133438182,37.81366371674051,26.889375684556402,31.396458561518813,-73.1106243154436,-5.68658928130403,-0.0458055228373205,42.2952598676361,-0.7566220113718032,-0.5850620319127597,-0.17155997945904344,25.094678366867264,19.966443142844643,33.78025282337577,165.376904,-0.03556786342756868,25.29667569442632,-68.30316047867446,2.105499999999978,166.59691258914077,147.75208741085927,157.17450000000002,11.989747177997382,0.2652140596613641,5.532957521281483,5.480223117932342,161.73783333333333,152.71983333333336,157.22883333333334,166.1,146.1,156.1,-312579732,-0.02154313548525465,-91035333.19119605,37329349.9,0.8688948799507489,-11582030.053976558,1014.2279622878108,1.018725361366623,0.9907893883375496,-0.009917033964220945,0.02614413087379705,0.03072894595232264,0.19298245614035334,-0.11000000000001364,-0.07129893699767542,166.1,146.1,-2.8150240656086214,1.394616041786466,0,0,0,1,0,1,1,0,0,0,0,2,-2
2025-05-12,157.485,159.1,156.25,158.46,44138818,GOOGL,156.02,158.85999999999999,157.2405,159.75879999999998,,157.48496257684988,157.88685055260092,159.47201672342882,157.93514285714284,50.308077548024684,52.27449498502072,58.1599123767799,41.983096020445444,-41.8400876232201,-1.3386464105597444,0.8400152730049775,44.109041448698285,-0.6087153509194536,-0.5897926957140985,-0.018922655205355077,24.287008031057802,23.51890383218403,31.041276058101776,165.02616591999998,-0.03306462109992018,25.25677516558197,10.724993609038897,4.719500000000011,166.67949883462214,147.80150116537786,157.2405,12.00581126951662,0.5645990121074546,5.591317698332806,5.5237119620357245,161.74083333333334,152.92283333333336,157.33183333333335,166.1,146.1,156.1,-268440914,-0.023846016119585,-66720265.02979216,37854478.85,1.1660130938508482,-9932061.80009767,1014.2279622878108,1.01824,1.006191065815792,0.037381342062193124,0.02939223013714722,0.030185918865790678,0.7754385964912324,4.735000000000014,3.099836333878896,166.1,146.1,0.7755635475593189,1.495714977991303,0,0,0,1,1,0,1,0,0,0,1,1,0
2025-05-13,158.79,160.57,156.16,159.53,42382126,GOOGL,155.28,158.797,157.2635,159.6092,,157.79958977232207,158.00938894876012,159.47447294665224,158.1531904761905,51.51039355337804,54.58340656911027,64.01971522453452,49.68966776195694,-35.98028477546548,-0.39335664335664056,0.28918086377067204,45.22646260755756,-0.4005410118081443,-0.5519423589329078,0.1514013471247635,23.246663374139562,24.080043737242455,29.266491421043067,164.68244260159997,-0.028156624732082677,24.948258951982996,26.041061311828166,3.3465000000000202,166.72243921113767,147.80456078886232,157.2635,12.029414595424463,0.6198073034094171,5.5069378627376055,5.468026363933938,161.7185,152.87550000000002,157.297,166.1,146.1,156.1,-226058788,0.016448523891402847,-44327894.60348817,38456937.3,1.1020671165095615,-9645876.801864682,1021.0765292425498,1.0282402663934427,1.0046602430883558,0.0067524927426478865,0.029480398038147497,0.03020208700639109,0.7641723356009087,0.3299999999999841,0.20825444907231105,166.1,146.1,1.4412117242716893,1.5820421092139338,0,0,1,0,1,0,1,0,0,0,2,0,2
2025-05-14,159.96,167.0,159.61,165.37,48755869,GOOGL,158.078,159.454,157.71650000000002,159.4982,,158.96428723023095,158.5580338685627,159.7234297021496,158.92523809523811,57.5477558199329,65.27937595767827,91.4926931106472,71.2241069039872,-8.507306889352796,4.137279596977325,5.796174269080674,45.6495621690324,0.23299205743074936,-0.3949554756601764,0.6279475330909258,22.02069104862867,29.93551272245247,26.502367771947643,147.84,-0.014572642720623075,24.70877502454399,106.31048454609393,2.443499999999972,167.79677435142509,147.63622564857496,157.71650000000002,12.782777136729587,0.8796275643488808,5.647156586827776,5.568125045737242,162.21283333333332,153.07483333333334,157.64383333333333,167.0,146.1,156.55,-177302919,0.06807035905129766,-17080027.354503036,39517154.05,1.23378998746495,-7861044.638885932,1021.0765292425498,1.046300357120481,1.0338209552388096,0.036607534632984384,0.0314213493399419,0.03077717495407361,0.7794316644113669,0.4300000000000068,0.2695417789757455,167.0,146.1,4.852694550031213,1.1398127796098212,0,0,1,0,1,0,1,0,0,0,2,0,2
2025-05-15,165.84,166.205,162.3732,163.96,33146669,GOOGL,160.014,159.72,158.248,159.317,,159.73286901312792,158.96049869785767,159.90179460389362,159.51985714285715,55.74315531793067,61.21831049375697,84.133611691023,79.88200667540157,-15.866388308976997,1.6491010539367617,6.932759407813211,43.45250665381999,0.6142160625901738,-0.19312116801010637,0.8073372306002802,20.882288174939987,28.451106123866392,25.188199881670364,148.2232,0.002530597873469689,24.251291315382954,99.96788106321958,0.5520000000000209,168.4670970246885,148.02890297531147,158.248,12.915293747394626,0.779476747612841,5.517488259197222,5.48130879345038,162.71556,153.63238,158.17397,167.0,146.1,156.55,-210449588,0.06647470910993163,-22773732.01962118,39765116.45,0.833561471941823,-8143664.239115719,1012.3704888105973,1.0235987219565792,0.9886637723106609,-0.008526334885408438,0.03139527933668264,0.03083680674178047,0.4141134714755479,0.46999999999999886,0.2842111628469486,167.0,146.1,3.6095242909863114,1.010225951444435,0,0,1,0,1,0,1,0,0,0,2,0,2
2025-05-16,167.725,169.35,165.62,166.19,42846925,GOOGL,162.702,159.936,158.99949999999998,159.19379999999998,,160.7262853597358,159.49888996227722,160.16577417645885,160.27623809523814,57.98706875274519,65.2116016029134,85.30915853091587,86.9784877775287,-14.690841469084138,1.316832286776807,9.943106641968775,49.98717201945451,1.0837879633550926,0.06226065826293345,1.0215273050921592,20.33194522376723,30.540011497725907,23.42833917947676,148.598736,0.024004518420089,23.893142151183074,133.3183537985055,2.300500000000028,169.23366137257946,148.7653386274205,158.99949999999998,12.87319944097872,0.851298935898432,5.508381954968848,5.476743353777861,163.37339333333333,154.53521333333333,158.95430333333334,169.35,146.1,157.725,-167602663,0.03442366797186847,-52525350.18316017,40255133.9,1.064384113252198,-7560908.42824722,1012.3704888105973,1.0225214346093465,0.9908481144730958,0.013600878262990834,0.03123797366439011,0.029850843764422538,0.15281501340482434,3.7649999999999864,2.2962917784825483,169.35,146.1,4.522341265224114,1.0496569581650306,0,0,1,0,1,0,1,0,0,0,2,0,2
2025-05-19,164.51,166.64,164.22,166.54,30426097,GOOGL,164.318,160.169,159.94299999999998,159.0474,,161.6207118183248,160.02304318796797,160.43262720067145,160.99438095238096,58.34405420282918,65.85538014797991,86.93630869363085,85.45969297185657,-13.063691306369147,1.4189148042141064,12.778492584817503,49.58027076857653,1.4672555441440522,0.3432596354391573,1.123995908704895,19.538392681362723,29.54200712244756,24.553230874468255,149.42878656,0.04785699870050102,23.624795442773518,104.90469043616261,4.0870000000000175,169.26381562954646,150.6221843704535,159.94299999999998,11.655171691848313,0.8538853391267541,5.287783243899644,5.323906186088967,164.26356,155.46788,159.86572,169.35,147.84,158.595,-137176566,0.0653816060194864,-24613806.65423442,40473983.0,0.7517445713212856,-7496830.36127568,1014.5025645737823,1.0147363293143343,1.0123396753996718,0.0021060232264276113,0.03123722890408765,0.028995857687101455,0.9586776859504154,-1.6800000000000068,-1.0108911486852439,169.35,147.84,4.124594386750285,0.9762206304232525,0,0,1,0,1,0,1,0,0,0,2,0,2
2025-05-20,166.43,168.5,162.9,163.98,46607656,GOOGL,165.208,160.244,160.5685,159.0096,,161.9836822600666,160.3174980635893,160.58074345541834,161.37885714285713,54.68402453259212,56.874152353871985,75.03486750348672,82.42677824267781,-24.96513249651328,0.4594743613306378,8.259061200237666,48.4647714076629,1.546755722321791,0.583958852815684,0.9627968695061069,19.1103016103528,29.818545288467774,22.704268366289632,150.2256350976,0.06900051473099564,23.541978918147667,86.36038795691982,3.6415000000000077,169.18323917190753,151.95376082809247,160.5685,10.730297875246428,0.6980036732351,5.310084440763954,5.337710876784518,165.08072666666666,156.09004666666667,160.5853866666667,169.35,147.84,158.595,-183784222,0.00960518481186416,-53244223.91137752,41455777.1,1.1242740882066349,-8213268.450383402,1014.5025645737823,1.0343769183548188,0.9852790963167697,-0.015371682478683812,0.03163803185615083,0.029223000441316538,0.1928571428571402,-0.10999999999998522,-0.06605019815058559,169.35,147.84,2.1246383942055815,0.973486592776957,0,0,1,0,1,0,1,0,0,0,2,0,2
2025-05-21,163.69,173.14,163.56,168.56,73415956,GOOGL,165.846,161.962,161.22899999999998,159.1,,162.9954305953797,160.9306508229667,160.9130641840727,162.13995238095237,59.570508489419815,66.42998077027036,81.89723320158109,81.28946979956622,-18.102766798418923,11.348923239529665,8.503379465722567,52.179391422084805,1.9567714662237563,0.8585213754972986,1.0982500907264576,19.413217113883015,32.08652253370005,19.93817393005937,150.990609693696,0.09292038806350712,23.705510194909024,132.71371817382956,2.0010000000000048,170.16180224789497,152.296197752105,161.22899999999998,11.080887740908874,0.9103415589283625,5.615078409280813,5.549825332945291,166.01689333333334,156.43971333333332,161.22830333333334,173.14,147.84,160.49,-110368266,0.018938743505161976,-50025570.3080371,43570133.25,1.6850064602453334,-6162743.517586721,1014.5025645737823,1.0585717779408168,1.0297513592766816,0.0279302353945603,0.019215325468331323,0.029329918794284215,0.5219206680584559,-0.28999999999999204,-0.17685083546773514,173.14,147.84,4.546948749914729,1.0394427838937124,0,0,1,0,1,0,1,0,0,1,2,0,2
2025-05-22,171.85,176.77,170.71,170.87,74864418,GOOGL,167.228,163.621,161.8085,159.1752,,164.20691005029914,161.6697977242571,161.32674522476086,163.05814285714285,61.80745173525427,70.3021079599034,79.60594538541305,78.84601536349362,-20.39405461458695,10.75317604355717,7.276494224008038,55.87535540621,2.4399829867597873,1.1748136977497965,1.2651692890099908,20.172044189984145,33.312348877345194,17.9229166107603,152.31957311207424,0.12030246952774491,23.901464565620287,181.94162978256398,-10.428500000000014,171.6208254634158,151.99617453658422,161.8085,12.12831892442707,0.9617406971357011,5.800429951475041,5.682834066298026,166.85806,157.05488,161.95647000000002,176.77,147.84,162.305,-35503848,-0.1030838183846153,-120936751.71397778,45018656.6,1.662964283123455,-5136777.656291041,1014.5025645737823,1.0354987991330327,0.9942973523421589,0.013704318936877069,0.019033758950294324,0.023814386332394227,0.02640264026402583,3.289999999999992,1.9518272425249121,176.77,147.84,5.600138435249072,1.191332981713186,0,0,1,0,1,0,1,0,0,1,2,0,2
2025-05-23,169.055,169.96,167.89,168.47,35211439,GOOGL,167.68400000000003,165.19299999999998,162.134,159.2894,,164.86277335856167,162.17535224721252,161.62283590766165,163.69257142857143,58.204197253279865,61.678693816929496,71.31005876253022,77.60441244984145,-28.68994123746979,10.291325695581014,4.019510990367986,51.65751297541217,2.5993084460201032,1.4597126474038578,1.1395957986162455,20.24496203829963,32.04621491538601,20.83842846614437,154.2756072631083,0.14558081760955124,23.941038977109162,103.02419144367464,-7.853999999999985,172.36769219783346,151.9003078021665,162.134,12.623746034555957,0.8095656913221103,5.598970669226825,5.547692362983126,166.99556,157.49138,162.24347000000003,176.77,147.84,162.305,-70715287,-0.0825823215351856,-136416176.5883737,43977528.8,0.8006688861516931,-5631349.281503192,1000.2530991616146,1.012329501459289,0.9965395877081423,-0.014045765786855569,0.019561543578343447,0.02283555453525697,0.280193236714979,-1.8149999999999977,-1.0622110376309462,176.77,147.84,3.907878668262063,1.1848122125497875,0,0,1,0,1,0,1,0,0,0,2,0,2
2025-05-27,170.16,173.17,170.0,172.9,37995670,GOOGL,168.956,166.637,162.74849999999998,159.43759999999997,,166.09927505481105,162.97245071822437,162.08923647002558,164.71790476190478,62.54474038963794,69.68610182670683,86.62288282060143,79.17962898951491,-13.37711717939856,9.11270983213429,7.652076458501956,55.838925823939384,3.0479046497594595,1.777351047874978,1.2705536018844814,20.745861206724904,34.24457984871445,19.574749129541033,156.07515868205962,0.17348306703544805,23.999811717350305,135.6816974846713,-9.998499999999979,173.9705698179969,151.52643018200305,162.74849999999998,13.790689091447142,0.9523006969587724,5.534758478567765,5.505307744833969,167.48839333333333,158.12221333333335,162.80530333333334,176.77,147.84,162.305,-32719617,-0.04240503945391895,-104892955.10572344,44390023.2,0.8559506677617595,-4632234.7916830415,1000.2530991616146,1.0186470588235292,1.0161024917724495,0.02629548287528949,0.018097603912529372,0.02276452085074052,0.9148264984227183,1.6899999999999977,1.0031459607051687,176.77,147.84,6.237538287603282,1.2079071812695064,0,0,1,0,1,0,0,0,0,0,2,0,2
2025-05-28,173.16,175.265,171.9107,172.36,34783997,GOOGL,170.632,167.92,163.3585,159.599,,167.0624669946028,163.66999639488478,162.5131063052499,165.6332857142857,61.70354623286661,67.67507788045094,82.05128205128209,79.99474121147125,-17.94871794871792,8.042374475020381,7.617382617382629,68.92376585811601,3.321558032748868,2.086192444849756,1.2353655878991119,21.477598550597502,35.50095447947456,18.703037590341996,157.73074598749486,0.2008649332932876,24.05615017707929,136.91008997606724,-4.898499999999984,175.25734746519583,151.45965253480415,163.3585,14.567772678123077,0.8782509199453742,5.379011444384353,5.397757357592271,168.18036999999998,158.80076,163.490565,176.77,147.84,162.305,-67503614,-0.08960261374167995,-130358495.2878474,44788775.15,0.7766230910201616,-4740871.913603225,997.12911608731,1.0195118744790173,0.9953799953799954,-0.003123192596876767,0.01849326275713575,0.022732029855616436,0.13394747041112093,0.2599999999999909,0.1503759398496188,176.77,147.84,5.51027341705514,1.1443558308604471,0,0,1,0,1,0,0,0,0,0,2,0,2
2025-05-29,174.0,174.4193,170.63,171.86,29373803,GOOGL,171.292,168.56900000000002,164.0115,159.8228,,167.8005512561972,164.27841720361474,162.89805780431038,166.44295238095236,60.8869811173865,65.62914742424562,80.01628001628005,82.8968149627212,-19.98371998371995,3.9245328656951135,8.224181360201511,71.5303663506462,3.45822027830755,2.360598011541315,1.0976222667662352,21.851325196843884,33.67645107076956,19.47880388083617,159.25388630849528,0.22564178498043416,24.123656658468644,113.45016919829457,-4.481500000000011,176.26613385825942,151.7568661417406,164.0115,14.943627560578873,0.8202258056331176,5.265460626928328,5.317334489712657,168.90032333333332,159.52878333333334,164.21455333333333,176.77,147.84,162.305,-96877417,-0.13149495015374393,-140662930.49432322,44508412.35,0.6599607006651631,-4826082.528014922,994.2365391666575,1.0222077008732344,0.9877011494252874,-0.0029009050823857185,0.015690955505777864,0.022438651236995243,0.32459821075133116,1.6399999999999864,0.951496867022503,176.77,147.84,4.7853351746676305,0.9536593906387676,0,0,1,0,1,0,0,0,0,0,2,0,2
2025-05-30,171.35,172.205,167.44,171.74,52639911,GOOGL,171.466,169.347,164.5335,159.97979999999998,,168.40662186450876,164.8326062467343,163.2614971792545,167.17899999999997,60.67943331499347,65.07826854196269,75.59437166424068,79.2206445772676,-24.405628335759328,4.745059770675775,6.4724116553006805,68.80231180643976,3.5163092709440207,2.591740263421856,0.9245690075221646,21.468956873999616,31.485164323434745,22.567469603752947,160.65517540381566,0.24695487072893355,24.229905542169217,78.51683025390433,0.8365000000000009,177.16526990765735,151.90173009234266,164.5335,15.354648029316028,0.7852529793006855,5.229713439290592,5.289717765227024,169.47365666666667,159.92961666666667,164.70163666666664,176.77,147.84,162.305,-149517328,-0.10078183802632787,-98296916.07984269,45630245.5,1.1536188425723022,-4862837.964533016,994.2365391666575,1.0284579550883899,1.0022760431864606,-0.000698242755731382,0.01518555383672634,0.02205143842880082,0.9024134312696743,-0.5100000000000193,-0.2967531711858602,176.77,147.84,4.379959096475797,0.8328020939532311,0,0,1,0,1,0,0,0,0,0,2,0,2
2025-06-02,167.84,169.87,167.39,169.03,38612272,GOOGL,171.578,169.631,164.7835,160.1044,,168.50252640336907,165.14429461631582,163.49815894199278,167.6072380952381,56.03408078308142,53.2924470594799,62.44541484716155,72.68535550922742,-37.55458515283845,1.7088874180155267,3.0482228860574287,62.42579473512763,3.3055663532553012,2.7345054813885454,0.5710608718667558,21.10259614884601,29.592123169132666,21.279712648791595,161.9443613715104,0.26118570811922037,24.237500684644974,50.585965359434624,-0.8234999999999957,177.5625692540575,152.0044307459425,164.7835,15.510132087323674,0.6661505981216779,5.166876765055551,5.242731876965674,169.69965666666667,160.21761666666666,164.95863666666668,176.77,147.84,162.305,-188129600,-0.09685393462957108,-85841344.46693937,46275108.85,0.8344069405684391,-5472126.756427742,978.5478177206248,1.0148156998625963,1.0070900857959961,-0.015779666938395276,0.01609761954782468,0.02209963996103464,0.6612903225806462,-3.9000000000000057,-2.270874577850242,176.77,147.84,2.5770177232550573,0.8358949673221568,0,0,1,0,1,0,0,0,0,0,2,0,2
2025-06-03,167.49,168.475,165.28,166.18,45084903,GOOGL,170.234,169.595,164.882,160.1482,,168.14521398595593,165.22118949637564,163.60798674210142,167.7402380952381,51.56334980368125,43.603664358471306,38.28671328671325,58.775499932705166,-61.71328671328675,-0.21616428485648204,1.1996833323183722,55.564504920623165,2.8754336815247257,2.7626911214157817,0.11274256010894401,20.279191991926513,28.027652212280618,23.129396536522158,163.13041246178958,0.2660649814548833,24.219412350302083,20.666545273894105,1.3079999999999927,177.672233148774,152.091766851226,164.882,15.51440806003567,0.5507418428148207,5.065671281837297,5.16809528311739,169.85282333333333,160.31828333333334,165.08555333333334,176.77,147.84,162.305,-233214503,-0.11777922684465095,-105526302.11482649,47462263.3,0.9499105155400376,-6232299.350345981,978.5478177206248,1.0193308325266215,0.9921786375305989,-0.01686091226409514,0.017142552821701833,0.021864716702521343,0.2816901408450728,-1.539999999999992,-0.9110808732177672,176.77,147.84,0.7872296551473186,0.8448601986496502,0,0,1,0,1,0,0,0,0,0,2,0,2
2025-06-04,166.735,168.215,166.36,168.05,26900838,GOOGL,169.372,170.002,165.123,160.1556,,168.1305656574239,165.43117594428014,163.78958242223214,168.04195238095238,54.14836185372157,50.49350628537836,39.43098466325856,46.72103759904445,-60.56901533674144,2.482010001219674,2.952888562151579,54.04044080486933,2.654840463712759,2.7411209898751774,-0.08628052616241844,19.51460241764412,27.187649157503056,22.436196706629623,164.2215794648464,0.2662418417388308,24.173938104106544,29.74607108886874,1.4170000000000016,177.96119161720208,152.2848083827979,165.123,15.54985267612881,0.6139958059232459,4.849194761706061,5.01144051896152,169.98849,160.62945000000002,165.30897,176.77,147.84,162.305,-206313665,-0.09682616429677025,-83411057.9369287,47743444.7,0.5634456870264327,-5929588.030933297,989.5592776985858,1.01115051695119,1.0078867664257654,0.011252858346371353,0.0165622850322141,0.021529745557336624,0.9110512129380092,0.5550000000000068,0.33397520760621424,176.77,147.84,1.7726179878030446,0.8068614579877601,0,0,0,1,1,0,0,0,0,0,1,1,0
2025-06-05,170.34,170.93,167.59,168.21,36444564,GOOGL,168.642,169.967,165.9645,160.1086,,168.14278634174897,165.63741939125188,163.96999472732188,168.3359523809524,54.3727376168849,51.08996652314053,38.284066330209086,38.6672547600603,-61.715933669790914,-0.20764119601328568,11.11771700356719,54.360746691567655,2.464519960142553,2.6858007839286526,-0.22128082378609948,19.320347642832342,29.909340025926696,21.307460208582068,165.2254531076587,0.26293765598213,24.148989880376437,43.191080734902165,-1.984499999999997,177.19475284666368,154.7342471533363,165.9645,13.533319290165895,0.5999754872245427,4.741395135869914,4.927868493013444,170.00599,162.02894999999998,166.01747,176.77,152.2,164.485,-169869101,-0.0467017257410121,-106325304.76327592,43178295.2,0.844048238384363,-5894889.249380186,989.5592776985858,1.0199295900710066,0.9874955970412117,0.0009520975900030315,0.013967732881384361,0.021131071324009067,0.18562874251497125,2.289999999999992,1.3626896756917535,176.77,152.2,1.3530001897996387,0.9249206670855314,0,0,0,1,1,0,0,0,0,0,1,1,0
2025-06-06,170.83,174.5,170.83,173.68,35731832,GOOGL,169.03000000000003,170.24800000000002,166.9345,160.281,,168.99466632378252,166.23425028789416,164.36566096745418,169.07076190476195,61.33827111006634,66.96483022135116,77.72170151405909,51.812250835842256,-22.278298485940898,1.6445250775443332,12.574539797770292,53.921684642162155,2.7236760332981476,2.693375833802552,0.030300199495595592,19.74369030173481,32.39499519552291,19.33471924994794,166.149016859046,0.2635344549716548,24.18224352836333,101.34575333684637,1.6254999999999882,177.27641756880698,156.59258243119305,166.9345,12.390389726278226,0.8261242392970528,4.852009769022063,4.995975068362772,170.96965666666665,162.92861666666667,166.94913666666667,176.77,152.2,164.485,-134137269,-0.01834392479430288,-86560830.93221317,42089952.2,0.8489397144052826,-4732930.263350821,1021.7386323684107,1.0214833460165076,1.0166832523561435,0.03251887521550434,0.016979328819922403,0.021434265577792266,0.7765667574931892,2.6200000000000045,1.5575768384757174,176.77,152.2,4.040806424076504,0.8684942578765864,0,0,1,0,1,0,1,0,0,0,2,0,2
2025-06-09,174.54,176.47,174.37,176.09,28935906,GOOGL,170.442,171.01000000000002,168.10150000000002,160.55800000000002,,170.08625715849936,166.9655358509643,164.84267680801977,169.9427142857143,63.94956011830201,71.688238086123,95.0973323720259,70.36770007209803,-4.902667627974092,4.523060485546391,15.27986906710311,58.90942353376369,3.087930209892477,2.772286709020537,0.3156435008719396,20.44077220627636,34.013478924737356,18.515839693737167,166.9986955103223,0.26904737339092305,24.184777869982817,142.11345485498293,2.768499999999989,176.9350910591332,159.26790894086682,168.10150000000002,10.50983014325654,0.9521660526576303,4.704723356949058,4.885676314944633,172.04765666666668,164.08161666666666,168.06463666666667,176.77,156.16,166.465,-105201363,0.027362966890965564,-68096967.10364164,41914983.45,0.6903475468269569,-4331412.912705955,1035.9163736397595,1.0120433560818949,1.008880485848516,0.013876093965914382,0.016376248336405167,0.021375887599004627,0.8190476190476207,0.8599999999999852,0.4951635191156064,176.77,156.16,4.752188409978488,0.8259482827017554,0,0,1,0,1,0,1,0,0,0,2,0,2
2025-06-10,176.2,181.105,174.91,178.6,61766121,GOOGL,172.926,171.58,169.1085,161.0434,,171.39606480376858,167.82869230353407,165.40158479439904,170.94257142857143,66.48826351570312,75.87887416833544,85.72242804217727,86.18048730942076,-14.277571957822726,3.29670329670329,12.709832134292556,67.55118826130553,3.538352368649953,2.9254998409464203,0.6128525277035326,21.722858208370063,37.76597784225027,16.81308759231467,167.78039986949653,0.2800264025260436,24.363632028838502,173.95972669973727,-0.6384999999999934,177.90782559915803,160.30917440084195,169.1085,10.406721837350624,1.0393311051535696,4.811171688595555,4.951142499197401,173.22832333333332,164.92778333333334,169.07805333333334,181.105,156.16,168.6325,-43435242,0.012195111600620284,-56282140.08427115,42796348.6,1.4432567969128094,-3450994.014926407,1035.9163736397595,1.0354182150820421,1.0136208853575484,0.014254074620932533,0.014983380848220842,0.02136009350743895,0.5956416464891044,0.10999999999998522,0.06246805610766382,181.105,156.16,5.612668789564098,0.886894640352565,0,0,1,0,1,0,1,1,0,0,3,0,3
2025-06-11,179.77,180.37,176.75,177.35,31646757,GOOGL,174.786,172.079,169.9995,161.4976,,172.312055457814,168.53499287695595,165.88631996037213,171.7274761904762,64.06853219873133,69.8700794298312,76.27172195892577,85.69716079104298,-23.728278041074237,2.8951032722209216,11.170312793831878,59.576804208564454,3.7512090187459535,3.090641676506327,0.6605673422396263,22.91336663888564,35.69998870041427,15.893327046154537,169.11285988254687,0.29205190468345416,24.50436781094036,153.02845207388904,2.900499999999994,178.33541860564858,161.66358139435144,169.9995,9.80699190956276,0.9408932205155619,4.726087996553015,4.884585374237531,174.15899,165.93745,170.04822,181.105,159.61,170.35750000000002,-75081999,-0.03917498077796816,-77438259.40471324,42259580.15,0.7488658639690722,-3672485.8752287603,1028.6661190650132,1.0204809052333805,0.9865383545641653,-0.006998880179171385,0.015217692202682813,0.021418280504543218,0.16574585635358938,1.170000000000016,0.6550951847704456,181.105,159.61,4.323836246577185,0.9206205045555806,0,0,1,0,1,0,1,0,0,0,2,0,2
2025-06-12,176.18,176.72,174.745,175.7,20941873,GOOGL,176.284,172.46300000000002,170.516,161.8702,,172.8332779954498,169.06644375603352,166.28391300645148,172.27038095238095,60.91701705565655,62.27548900467618,65.84518167456552,75.94644389188953,-34.15481832543447,2.234376818340495,6.2465985366148535,51.221274176826626,3.7436042970975905,3.22123420062458,0.5223700964730105,23.43085177123203,34.248054141151165,18.377235795362306,170.31207389429218,0.3016456523435655,24.060470544720594,96.05436414585704,1.8440000000000225,178.92035220585132,162.11164779414867,170.516,9.857552611897212,0.8084116344142958,4.574581711084941,4.770606105525654,174.47465666666668,166.79461666666666,170.63463666666667,181.105,162.3732,171.7391,-96023872,-0.07468697175870945,-78127485.60471353,40868880.35,0.5124161176096423,-3867321.4571289583,1019.0957830263479,1.0113021831812068,0.9972755136791916,-0.009303636876233479,0.015621104663667935,0.021434635322814515,0.48354430379746166,-1.1699999999999875,-0.6597124330420003,181.105,162.3732,3.040183912360129,0.8760821802156368,0,0,1,0,1,0,1,0,0,0,2,0,2
2025-06-13,172.44,177.13,172.385,174.67,27663107,GOOGL,176.48200000000003,172.756,171.05149999999998,162.2228,,173.1158507493259,169.482035803901,166.62322772050658,172.666,58.96707296971617,57.70730115507776,59.33649289099522,67.15113217482883,-40.66350710900478,1.706067311051577,6.53208099536471,51.86904815952359,3.612818782448869,3.2995511169894383,0.31326766545943086,23.25952528086893,31.71763246756216,20.694223658915003,171.39136650486296,0.307337253126236,23.885317927194567,69.66862836072374,0.8085000000000377,179.07278487213847,163.03021512786148,171.05149999999998,9.378795125606612,0.7255561333177855,4.586754446007446,4.769325800249371,175.04776333333334,167.27640333333335,171.16208333333333,181.105,162.9,172.0025,-123686979,-0.06943516210052643,-79147726.64264826,40594702.25,0.6814462347731594,-4029489.9273053957,1019.0957830263479,1.0275255967746615,1.0129320343307817,-0.005862265224815033,0.015816152911725553,0.021375522878816392,0.48155953635405574,-3.259999999999991,-1.8554354012521292,181.105,162.9,2.115444763711521,0.8422466702536289,0,0,1,0,1,0,1,0,0,0,2,0,2
2025-06-16,174.73,176.94,174.65,176.77,27389208,GOOGL,176.618,173.53,171.5805,162.74380000000002,,173.67802778908262,170.02250370262212,167.0332717337414,173.21061904761908,61.66160998457126,63.990400895850044,72.60663507109015,65.9294365455503,-27.393364928909843,4.579068804354262,6.366207353029672,50.91067451505238,3.636701142397044,3.3669811220709596,0.26972002032608433,23.10043639696034,30.544690110586885,19.928935408000132,172.36272985437665,0.3120371067736251,23.777881084387822,88.07367850785543,0.1595000000000084,179.6449317220743,163.5160682779257,171.5805,9.40017277263359,0.8217523676091831,4.422700557006913,4.6453595102369025,175.42909666666668,167.80173666666667,171.61541666666668,181.105,162.9,172.0025,-96297771,-0.004143066191919522,-55825038.60771348,39821816.4,0.687794040454669,-3700198.4817222934,1031.3480366723968,1.0131119381620384,1.011675155954902,0.012022671323066447,0.014792066578363286,0.021283003731565105,0.9257641921397431,0.060000000000002274,0.034350489494476596,181.105,162.9,3.024527845530238,0.8508254083558078,0,0,1,0,1,0,1,0,0,0,2,0,2
2025-06-17,175.7,177.3648,174.58,175.95,24973043,GOOGL,176.088,174.507,172.05100000000002,163.3508,,174.0275620974115,170.4620433929329,167.39317779916286,173.6267619047619,60.00463595260197,59.934154883554676,67.42496050552919,66.45602948920485,-32.57503949447081,5.879167168130931,5.650294223609942,44.75395500024449,3.548555399992921,3.403295977655352,0.14525942233756872,23.0340794614007,29.838372862848537,19.00835110803317,172.385,0.31424566175602486,23.737612613049865,78.92162950923193,-3.021000000000015,179.9811170230961,164.12088297690394,172.05100000000002,9.218332963012214,0.7458349598526938,4.305707660077847,4.552331534725057,175.95558333333332,168.29174333333333,172.12366333333333,181.105,162.9,172.0025,-121270814,-0.03996668780123663,-56226788.22219242,39549163.7,0.6314430107658635,-3816043.3380893283,1026.5638233439395,1.0159514262802154,1.0014228799089357,-0.004638796175821858,0.013247465027078083,0.021323798018735043,0.4919563343866637,-1.0700000000000216,-0.6053063302596716,181.105,162.9,2.2661885138708713,0.6706285321527544,0,0,1,0,1,0,1,0,0,0,2,0,2
2025-06-18,176.01,176.56,173.2,173.32,28707524,GOOGL,175.28199999999998,175.034,172.518,163.8822,,173.91870635795928,170.67395185695108,167.6321280763222,173.74761904761908,54.90822085497359,48.443737936450994,50.80568720379146,63.612427593470265,-49.19431279620854,3.1359714370722886,5.69581656299549,44.78354975725212,3.229255397824545,3.368487861689191,-0.13923246386464605,22.55321264559834,28.148827985058784,20.257633690830172,181.105,0.31094912656233165,23.716832162853454,40.20566017452926,-6.337999999999994,179.53998433492967,165.49601566507033,172.518,8.140581660962532,0.5571063649352349,4.23815711292943,4.492714957988804,176.30525,168.86541,172.58533,181.105,163.56,172.33249999999998,-149978338,-0.0383394091424172,-82883774.79362093,38654157.1,0.7426762385668474,-4245146.993218626,1026.5638233439395,1.0193995381062357,0.9847167774558264,-0.014947428246660954,0.014575159954089548,0.02150936913545006,0.03571428571428692,0.060000000000002274,0.0341005967604446,181.105,163.56,0.46487902711600676,0.670948558855006,0,0,0,1,1,0,1,0,0,0,1,1,0
2025-06-20,173.945,174.34,165.46,166.64,75659917,GOOGL,173.47,174.877,172.422,164.321,,172.79890509989406,170.3748688204419,167.59217267918393,173.18780952380953,44.55681135906308,30.893164710152064,8.593996840442252,42.274881516587634,-91.40600315955776,-0.9333571131324069,-1.1390602752729093,42.85250061835347,2.4094134542701227,3.1766729802053773,-0.7672595259352546,21.646305040435916,24.242022280415135,29.543384189466664,180.9469,0.295662118035232,23.853457066381573,-86.53741730962128,-4.371999999999986,179.70543490394456,165.13856509605543,172.422,8.448382345576048,0.10307189696522229,4.569717319148756,4.712079210089364,176.28991666666667,168.9200766666667,172.60499666666666,181.105,165.28,173.1925,-225638255,-0.11402968548915143,-138435876.014342,38766355.15,1.9516902403449194,-7161188.105381107,1026.5638233439395,1.0536685603771303,0.9580039667711058,-0.03854142626355883,0.01969837184491701,0.018043671954401572,0.13288288288288053,0.625,0.360604661897069,181.105,165.28,-3.3534003781420068,0.9513032540022014,0,0,0,1,0,1,1,0,0,1,0,2,-2
2025-06-23,166.27,167.34,162.0,165.19,57670985,GOOGL,171.574,174.028,172.13799999999998,164.4506,,171.62830406769675,169.99048103055836,167.49553349737621,172.49904761904764,42.67609619592963,28.29699922478798,16.697199685946085,25.36562791005993,-83.30280031405391,-4.888300322432064,-3.324164569555806,41.445896874416384,1.623959926365444,2.8661303694373905,-1.2421704430719465,21.433250995531385,22.242787986077897,32.45049541085178,180.327424,0.2708208524457866,24.037625940631106,-148.34516741428476,-3.927999999999969,180.05661250472565,164.2193874952743,172.13799999999998,9.20030731706616,0.061286778722058365,4.624737510638131,4.743475249584895,175.85691666666668,168.55907666666667,172.20799666666667,181.105,162.0,171.5525,-283309240,-0.008266776989692273,-127204073.69224472,37906683.5,1.521393582216181,-7663005.96573876,1017.6312888753323,1.032962962962963,0.9935045408071209,-0.008701392222755566,0.0159085337376442,0.01791925018898623,0.5973782771535573,-0.3699999999999761,-0.22203552568409515,181.105,162.0,-4.036296459817112,1.131202506808595,0,0,0,1,0,1,1,0,0,1,0,2,-2
2025-06-24,166.92,168.22,166.13,166.77,40524312,GOOGL,169.57399999999998,173.096,172.053,164.7296,,170.88087253889628,169.75174087874993,167.46637492596406,171.98780952380955,45.38144280072529,35.21787474172774,24.967286050772117,16.75282752572015,-75.03271394922788,-5.292748026577314,-1.0090817356205786,49.278716561514265,1.1161093284188723,2.516126161233687,-1.4000168328148148,21.014509213928218,22.569033772061303,30.893634188626745,179.22777856000002,0.24205740629847725,24.119245086751327,-99.4867299762676,1.6270000000000095,180.16149949127444,163.94450050872555,172.053,9.42558338567121,0.17423072507527296,4.510827688449694,4.65780148710565,175.77124999999998,168.47141000000002,172.12133,181.105,162.0,171.5525,-242784928,-0.008505496247615232,-142909668.295115,38172327.15,1.0616149191208009,-7275401.310735425,1027.364671261815,1.012580509239752,0.999101365923796,0.009564743628549088,0.015393716085250305,0.017808862394914752,0.3062200956937865,1.7299999999999898,1.0472788909740236,181.105,162.0,-3.0705654652926637,1.1921504293195813,0,0,0,1,0,1,1,0,0,0,0,2,-2
2025-06-25,167.63,172.36,167.55,170.68,35478989,GOOGL,168.52,172.304,171.942,165.0004,,170.8499690666938,169.8205504518371,167.59540216940084,171.85704761904765,51.48355863811196,49.33632061735881,45.43313268777813,29.032539474832106,-54.566867312221866,-4.434490481522949,-1.2839791787160202,50.12402372118491,1.017410320587004,2.2163829931043506,-1.1989726725173466,19.662786467672362,27.050081157505858,28.205131010592815,178.1941118464,0.21603894254878614,24.289732926420932,-34.86581218012723,4.147999999999996,180.06185369326306,163.82214630673695,171.942,9.44487524079405,0.4222892401960969,4.587911424989001,4.704411412750368,175.76191666666665,168.29807666666665,172.02999666666668,181.105,162.0,171.5525,-207305939,-0.03590525911712391,-132214338.97079076,38046493.1,0.9325166686650549,-6443579.958034104,1051.4517124840593,1.0287078484034617,1.0181948338602875,0.023445463812436174,0.016893358923262308,0.01704893462019738,0.6507276507276495,0.8599999999999852,0.5156802782274901,181.105,162.0,-0.7339684312151774,1.251320201177753,0,0,0,1,0,1,1,0,0,0,0,2,-2
2025-06-26,172.43,173.69,169.94,173.54,31796690,GOOGL,168.564,171.923,172.001,165.28979999999999,,171.26382003254122,170.09624938597793,167.8338553315249,172.00923809523812,55.407944272172635,57.28119234115603,60.40303585448834,43.60115153101285,-39.596964145511656,-2.1482943332393587,0.6846135994430136,49.755251402439065,1.1566357666380043,2.0044335478110815,-0.8477977811730772,18.391845964355046,27.54793441864367,26.536756532705073,177.222465135616,0.19588218967936472,24.35943547511411,7.673973927111538,6.5989999999999895,180.14924373714962,163.8527562628504,172.001,9.474646934784813,0.5944375284813432,4.528060608918358,4.656690842112849,175.74227333333334,168.23886333333334,171.99056833333333,181.105,162.0,171.5525,-175509249,0.03614668543984383,-102961384.17079085,37897127.75,0.8390263824149575,-5910778.613998481,1069.0703666773122,1.0220666117453219,1.0064373948848808,0.01675650339817203,0.01811290598140513,0.017229442853258354,0.9599999999999985,1.75,1.0253105226154207,181.105,162.0,0.8947622397544127,1.2725549787872776,0,0,0,1,1,0,1,0,0,0,1,1,0
2025-06-27,173.54,178.68,171.73,178.53,108140200,GOOGL,170.942,172.206,172.3345,165.7342,,172.38169399489604,170.72135826551533,168.26252083332673,172.6310476190476,61.29112846362776,67.61779609390604,86.52185291808432,64.1193404867836,-13.478147081915676,1.6107000569152035,3.881065983940409,55.9742703104186,1.6505971757476061,1.9336662733983867,-0.2830690976507806,18.161393482576376,32.22052642515725,23.734639464324058,162.0,0.18590617967452244,24.35319757690383,75.2825631559117,5.015500000000003,180.9641337697493,163.70486623025067,172.3345,10.014981062699945,0.8589665659809328,4.7010562797099045,4.7713563000072075,176.10082,168.28134,172.19108,181.105,162.0,171.5525,-67369049,0.16872512680057225,510893.52705071867,41835447.6,2.5848940600315222,-2801296.0854747877,1069.0703666773122,1.0404705060269028,1.0287541777111906,0.0287541777111906,0.020281073641106075,0.016753561803559438,0.9784172661870496,0.0,0.0,181.105,162.0,3.595043360441473,1.3080351314324172,0,0,0,1,1,0,1,0,0,1,1,1,0
2025-06-30,180.78,181.23,174.58,176.23,63378856,GOOGL,173.15,172.36200000000002,172.559,166.1922,,172.97374112692208,171.12963960718724,168.5815559263555,173.00204761904763,57.52395463501138,59.832581837166124,73.99895995839833,73.64128291032367,-26.001040041601676,0.893112726856359,2.614417142191674,58.433020732687815,1.835317970055712,1.9139966127298518,-0.07867864267413971,18.36788620681395,32.82160848948637,21.405549129308913,162.3336,0.18009601695192692,24.40130732472651,85.13838650010749,3.140999999999991,181.34724646900608,163.77075353099391,172.559,10.185787433870251,0.7088585028279918,4.840266545444909,4.865288485006846,176.53932,168.53134,172.53533,181.23,162.0,171.615,-130747905,0.07891944208925591,-31416800.848889455,42372394.85,1.495758175207319,-3617805.180864925,1055.297545059893,1.0380914194065756,0.9748312866467529,-0.012882988853414101,0.020692566753548573,0.01687260803887356,0.24812030075187713,2.25,1.2602923878339773,181.23,162.0,2.1273883135623133,1.3184010391142666,0,0,0,1,1,0,1,0,0,0,1,1,0
2025-07-01,175.735,176.09,173.53,175.84,35904526,GOOGL,174.964,172.269,172.8995,166.68580000000003,,173.41470406470486,171.47874029876724,168.87195970945936,173.31452380952382,56.88548396059291,58.500134710554214,71.97087883515347,77.49723057054537,-28.029121164846536,-0.5261073711602685,4.028870614683785,50.61595538883865,1.9280158234873284,1.916800454881347,0.011215368605981269,18.301509216353075,31.471263684004015,22.124847729022427,163.08945599999998,0.17649748962437517,24.459709689020126,42.02942171061636,1.7704999999999984,181.64202474975036,164.15697525024962,172.8995,10.112839828629202,0.668172243383353,4.687390363627415,4.757024060756503,176.86282,168.84684,172.85483000000002,181.23,162.0,171.615,-166652431,0.09862969906786746,-2524877.5832644477,42237007.55,0.8500726751888464,-3697262.5101505145,1052.9621535682438,1.0147524923644327,1.000597490539733,-0.002213017079952251,0.02034307705856764,0.016761986204093443,0.9023437500000001,-0.4949999999999761,-0.28088293707085976,181.23,162.0,1.7006989609570964,1.3007515301590065,0,0,1,0,1,0,1,0,0,0,2,0,2
2025-07-02,175.54,178.86,175.07,178.64,29128947,GOOGL,176.55599999999998,172.538,173.52249999999998,167.3052,,174.21859579986375,172.00946454597428,169.26246034075416,173.8612380952381,60.29299634482926,65.02422295833368,86.5314612584503,77.50043335066736,-13.468538741549686,1.5288434214265405,7.49789385004211,55.762397625532415,2.2020324798969,1.9738468598844578,0.22818562001244214,18.700922466832395,33.907950068934646,20.829394909626913,163.81507775999998,0.17740555753975734,24.534481901512937,79.81403626777782,3.2475000000000307,182.03364299022158,165.01135700977838,173.52249999999998,9.809843668943914,0.8006352969207233,4.623291051939744,4.708672857718679,177.43648666666667,169.36100666666667,173.39874666666668,181.23,162.0,171.615,-137523484,0.15534640693031496,23222344.69905705,41439209.75,0.7029320099425882,-3233425.774481728,1069.7290668416233,1.0216484834637574,1.017659792639854,0.015923566878980777,0.020892122514929997,0.016953214099363755,0.9419525065962991,-0.30000000000001137,-0.17060964513194457,181.23,162.0,2.9491852641588308,1.2951464114249909,0,0,1,0,1,0,1,0,0,0,2,0,2
2025-07-03,178.5,179.67,177.05,179.53,21689729,GOOGL,177.754,173.15900000000002,174.0965,167.8664,,175.03573495299517,172.5667946056123,169.67261723394014,174.43338095238096,61.338930745833956,66.95091098156986,91.15964638585548,83.22066215981975,-8.840353614144512,3.5829679206092826,6.831300208271342,59.34098392844706,2.462620658224637,2.071601619552494,0.3910190386721428,19.202429342744875,33.782979420025434,19.95936382484906,164.51167464959997,0.1819373404271484,24.569335069229663,98.22075506815543,1.8534999999999968,182.6023809655437,165.5906190344563,174.0965,9.771455446311323,0.8193966634385355,4.480198833944046,4.604239214832743,178.0351533333333,169.88317333333333,173.95916333333332,181.23,162.0,171.615,-115833755,0.15299813395145653,42594087.39371374,41178654.3,0.5267226277474542,-3125365.6602295972,1075.0585499892334,1.01479807963852,1.0057703081232494,0.0049820868786387695,0.020059946652959678,0.016618152812309713,0.9465648854961879,-0.13999999999998636,-0.07836990595610521,181.23,162.0,3.1209702664901418,1.2542530220566241,0,0,1,0,1,0,1,0,0,0,2,0,2
